,Ticker,Name,Sector,Asset Class,Market Value,Weight (%),Notional Value,Shares,Price,Location,Exchange,Currency,FX Rate,Market Currency,Accrual Date
0,AAPL,APPLE INC,Information Technology,Equity,22828156441.86,7.28,22828156441.86,135486714,168.49,United States,NASDAQ,USD,1.0,USD,
1,MSFT,MICROSOFT CORP,Information Technology,Equity,18915310292.24,6.04,18915310292.24,65902412,287.02,United States,NASDAQ,USD,1.0,USD,
2,AMZN,AMAZON COM INC,Consumer Discretionary,Equity,10843559741.76,3.46,10843559741.76,77101534,140.64,United States,NASDAQ,USD,1.0,USD,
3,TSLA,TESLA INC,Consumer Discretionary,Equity,6358399852.26,2.03,6358399852.26,7394434,859.89,United States,NASDAQ,USD,1.0,USD,
4,GOOGL,ALPHABET INC CLASS A,Communication,Equity,6299034339.52,2.01,6299034339.52,53004328,118.84,United States,NASDAQ,USD,1.0,USD,
5,GOOG,ALPHABET INC CLASS C,Communication,Equity,5823208026.06,1.86,5823208026.06,48599633,119.82,United States,NASDAQ,USD,1.0,USD,
6,BRKB,BERKSHIRE HATHAWAY INC CLASS B,Financials,Equity,4726241135.46,1.51,4726241135.46,15941718,296.47,United States,New York Stock Exchange Inc.,USD,1.0,USD,
7,UNH,UNITEDHEALTH GROUP INC,Health Care,Equity,4405072092.42,1.41,4405072092.42,8266847,532.86,United States,New York Stock Exchange Inc.,USD,1.0,USD,
8,NVDA,NVIDIA CORP,Information Technology,Equity,3958801824.8,1.26,3958801824.8,22064440,179.42,United States,NASDAQ,USD,1.0,USD,
9,JNJ,JOHNSON & JOHNSON,Health Care,Equity,3875448771.88,1.24,3875448771.88,23186842,167.14,United States,New York Stock Exchange Inc.,USD,1.0,USD,
10,META,META PLATFORMS INC CLASS A,Communication,Equity,3587001194.04,1.14,3587001194.04,20209596,177.49,United States,NASDAQ,USD,1.0,USD,
11,XOM,EXXON MOBIL CORP,Energy,Equity,3459144398.54,1.1,3459144398.54,37119266,93.19,United States,New York Stock Exchange Inc.,USD,1.0,USD,
12,JPM,JPMORGAN CHASE & CO,Financials,Equity,3109245786.32,0.99,3109245786.32,25880188,120.14,United States,New York Stock Exchange Inc.,USD,1.0,USD,
13,PG,PROCTER & GAMBLE,Consumer Staples,Equity,3071047264.02,0.98,3071047264.02,21141727,145.26,United States,New York Stock Exchange Inc.,USD,1.0,USD,
14,V,VISA INC CLASS A,Information Technology,Equity,3060954878.76,0.98,3060954878.76,14501397,211.08,United States,New York Stock Exchange Inc.,USD,1.0,USD,
15,HD,HOME DEPOT INC,Consumer Discretionary,Equity,2829021660.21,0.9,2829021660.21,9105609,310.69,United States,New York Stock Exchange Inc.,USD,1.0,USD,
16,CVX,CHEVRON CORP,Energy,Equity,2763527556.92,0.88,2763527556.92,17313166,159.62,United States,New York Stock Exchange Inc.,USD,1.0,USD,
17,MA,MASTERCARD INC CLASS A,Information Technology,Equity,2652938074.14,0.85,2652938074.14,7567283,350.58,United States,New York Stock Exchange Inc.,USD,1.0,USD,
18,PFE,PFIZER INC,Health Care,Equity,2387503958.4,0.76,2387503958.4,49440960,48.29,United States,New York Stock Exchange Inc.,USD,1.0,USD,
19,BAC,BANK OF AMERICA CORP,Financials,Equity,2244128908.77,0.72,2244128908.77,62493147,35.91,United States,New York Stock Exchange Inc.,USD,1.0,USD,
20,ABBV,ABBVIE INC,Health Care,Equity,2212329953.28,0.71,2212329953.28,15571016,142.08,United States,New York Stock Exchange Inc.,USD,1.0,USD,
21,KO,COCA-COLA,Consumer Staples,Equity,2173425207.2,0.69,2173425207.2,34378760,63.22,United States,New York Stock Exchange Inc.,USD,1.0,USD,
22,PEP,PEPSICO INC,Consumer Staples,Equity,2132716591.68,0.68,2132716591.68,12184167,175.04,United States,NASDAQ,USD,1.0,USD,
23,LLY,ELI LILLY,Health Care,Equity,2092870987.95,0.67,2092870987.95,6949135,301.17,United States,New York Stock Exchange Inc.,USD,1.0,USD,
24,COST,COSTCO WHOLESALE CORP,Consumer Staples,Equity,2078651326.2,0.66,2078651326.2,3905771,532.2,United States,NASDAQ,USD,1.0,USD,
25,TMO,THERMO FISHER SCIENTIFIC INC,Health Care,Equity,2044344770.52,0.65,2044344770.52,3450138,592.54,United States,New York Stock Exchange Inc.,USD,1.0,USD,
26,MRK,MERCK & CO INC,Health Care,Equity,1981649155.71,0.63,1981649155.71,22283247,88.93,United States,New York Stock Exchange Inc.,USD,1.0,USD,
27,AVGO,BROADCOM INC,Information Technology,Equity,1962808396.92,0.63,1962808396.92,3598644,545.43,United States,NASDAQ,USD,1.0,USD,
28,DIS,WALT DISNEY,Communication,Equity,1889970764.1,0.6,1889970764.1,16058890,117.69,United States,New York Stock Exchange Inc.,USD,1.0,USD,
29,ADBE,ADOBE INC,Information Technology,Equity,1811494285.12,0.58,1811494285.12,4165408,434.89,United States,NASDAQ,USD,1.0,USD,
30,ACN,ACCENTURE PLC CLASS A,Information Technology,Equity,1755845475.9,0.56,1755845475.9,5584395,314.42,United States,New York Stock Exchange Inc.,USD,1.0,USD,
31,ABT,ABBOTT LABORATORIES,Health Care,Equity,1705363981.95,0.54,1705363981.95,15434555,110.49,United States,New York Stock Exchange Inc.,USD,1.0,USD,
32,MCD,MCDONALDS CORP,Consumer Discretionary,Equity,1690315807.04,0.54,1690315807.04,6519268,259.28,United States,New York Stock Exchange Inc.,USD,1.0,USD,
33,CSCO,CISCO SYSTEMS INC,Information Technology,Equity,1681017181.2,0.54,1681017181.2,36623468,45.9,United States,NASDAQ,USD,1.0,USD,
34,DHR,DANAHER CORP,Health Care,Equity,1661314678.08,0.53,1661314678.08,5705456,291.18,United States,New York Stock Exchange Inc.,USD,1.0,USD,
35,VZ,VERIZON COMMUNICATIONS INC,Communication,Equity,1657416391.5,0.53,1657416391.5,37012425,44.78,United States,New York Stock Exchange Inc.,USD,1.0,USD,
36,CRM,SALESFORCE INC,Information Technology,Equity,1632535948.26,0.52,1632535948.26,8742762,186.73,United States,New York Stock Exchange Inc.,USD,1.0,USD,
37,WMT,WALMART INC,Consumer Staples,Equity,1606728913.8,0.51,1606728913.8,12376590,129.82,United States,New York Stock Exchange Inc.,USD,1.0,USD,
38,CMCSA,COMCAST CORP CLASS A,Communication,Equity,1552801161.8,0.5,1552801161.8,39411197,39.4,United States,NASDAQ,USD,1.0,USD,
39,NEE,NEXTERA ENERGY INC,Utilities,Equity,1549250174.01,0.49,1549250174.01,17323607,89.43,United States,New York Stock Exchange Inc.,USD,1.0,USD,
40,WFC,WELLS FARGO,Financials,Equity,1512507449.75,0.48,1512507449.75,33425579,45.25,United States,New York Stock Exchange Inc.,USD,1.0,USD,
41,TXN,TEXAS INSTRUMENT INC,Information Technology,Equity,1477352268.7,0.47,1477352268.7,8114645,182.06,United States,NASDAQ,USD,1.0,USD,
42,QCOM,QUALCOMM INC,Information Technology,Equity,1457005679.82,0.46,1457005679.82,9855954,147.83,United States,NASDAQ,USD,1.0,USD,
43,AMD,ADVANCED MICRO DEVICES INC,Information Technology,Equity,1399234176.56,0.45,1399234176.56,14260438,98.12,United States,NASDAQ,USD,1.0,USD,
44,BMY,BRISTOL MYERS SQUIBB,Health Care,Equity,1397912114.46,0.45,1397912114.46,18774001,74.46,United States,New York Stock Exchange Inc.,USD,1.0,USD,
45,LIN,LINDE PLC,Materials,Equity,1357854502.53,0.43,1357854502.53,4439319,305.87,United States,New York Stock Exchange Inc.,USD,1.0,USD,
46,PM,PHILIP MORRIS INTERNATIONAL INC,Consumer Staples,Equity,1356847590.84,0.43,1356847590.84,13640772,99.47,United States,New York Stock Exchange Inc.,USD,1.0,USD,
47,UNP,UNION PACIFIC CORP,Industrials,Equity,1322249577.0,0.42,1322249577.0,5526644,239.25,United States,New York Stock Exchange Inc.,USD,1.0,USD,
48,UPS,UNITED PARCEL SERVICE INC CLASS B,Industrials,Equity,1321206762.83,0.42,1321206762.83,6462881,204.43,United States,New York Stock Exchange Inc.,USD,1.0,USD,
49,INTC,INTEL CORPORATION CORP,Information Technology,Equity,1280612441.53,0.41,1280612441.53,35982367,35.59,United States,NASDAQ,USD,1.0,USD,
50,NKE,NIKE INC CLASS B,Consumer Discretionary,Equity,1276891844.9,0.41,1276891844.9,11190989,114.1,United States,New York Stock Exchange Inc.,USD,1.0,USD,
51,RTX,RAYTHEON TECHNOLOGIES CORP,Industrials,Equity,1220704295.4,0.39,1220704295.4,13104716,93.15,United States,New York Stock Exchange Inc.,USD,1.0,USD,
52,CVS,CVS HEALTH CORP,Health Care,Equity,1206108386.25,0.38,1206108386.25,11569385,104.25,United States,New York Stock Exchange Inc.,USD,1.0,USD,
53,INTU,INTUIT INC,Information Technology,Equity,1192952645.31,0.38,1192952645.31,2491703,478.77,United States,NASDAQ,USD,1.0,USD,
54,HON,HONEYWELL INTERNATIONAL INC,Industrials,Equity,1189156487.61,0.38,1189156487.61,5990411,198.51,United States,NASDAQ,USD,1.0,USD,
55,SPGI,S&P GLOBAL INC,Financials,Equity,1179568622.44,0.38,1179568622.44,3054532,386.17,United States,New York Stock Exchange Inc.,USD,1.0,USD,
56,LOW,LOWES COMPANIES INC,Consumer Discretionary,Equity,1179406314.46,0.38,1179406314.46,5833447,202.18,United States,New York Stock Exchange Inc.,USD,1.0,USD,
57,AMGN,AMGEN INC,Health Care,Equity,1170412207.55,0.37,1170412207.55,4712753,248.35,United States,NASDAQ,USD,1.0,USD,
58,COP,CONOCOPHILLIPS,Energy,Equity,1145804198.76,0.37,1145804198.76,11416941,100.36,United States,New York Stock Exchange Inc.,USD,1.0,USD,
59,T,AT&T INC,Communication,Equity,1136480456.32,0.36,1136480456.32,62997808,18.04,United States,New York Stock Exchange Inc.,USD,1.0,USD,
60,AMT,AMERICAN TOWER REIT CORP,Real Estate,Equity,1120249215.65,0.36,1120249215.65,4089247,273.95,United States,New York Stock Exchange Inc.,USD,1.0,USD,
61,MDT,MEDTRONIC PLC,Health Care,Equity,1112156912.96,0.35,1112156912.96,11826424,94.04,United States,New York Stock Exchange Inc.,USD,1.0,USD,
62,MS,MORGAN STANLEY,Financials,Equity,1110812549.0,0.35,1110812549.0,12314995,90.2,United States,New York Stock Exchange Inc.,USD,1.0,USD,
63,ORCL,ORACLE CORP,Information Technology,Equity,1069562676.36,0.34,1069562676.36,13861621,77.16,United States,New York Stock Exchange Inc.,USD,1.0,USD,
64,GS,GOLDMAN SACHS GROUP INC,Financials,Equity,1066250503.36,0.34,1066250503.36,3031877,351.68,United States,New York Stock Exchange Inc.,USD,1.0,USD,
65,IBM,INTERNATIONAL BUSINESS MACHINES CO,Information Technology,Equity,1049037267.42,0.33,1049037267.42,7914873,132.54,United States,New York Stock Exchange Inc.,USD,1.0,USD,
66,PYPL,PAYPAL HOLDINGS INC,Information Technology,Equity,1012964458.88,0.32,1012964458.88,10220608,99.11,United States,NASDAQ,USD,1.0,USD,
67,ELV,ELEVANCE HEALTH INC,Health Care,Equity,1012204132.52,0.32,1012204132.52,2121532,477.11,United States,New York Stock Exchange Inc.,USD,1.0,USD,
68,SCHW,CHARLES SCHWAB CORP,Financials,Equity,966457651.44,0.31,966457651.44,13317592,72.57,United States,New York Stock Exchange Inc.,USD,1.0,USD,
69,NFLX,NETFLIX INC,Communication,Equity,949062089.1,0.3,949062089.1,3910433,242.7,United States,NASDAQ,USD,1.0,USD,
70,C,CITIGROUP INC,Financials,Equity,925915104.0,0.3,925915104.0,17146576,54.0,United States,New York Stock Exchange Inc.,USD,1.0,USD,
71,ADP,AUTOMATIC DATA PROCESSING INC,Information Technology,Equity,922031739.51,0.29,922031739.51,3684737,250.23,United States,NASDAQ,USD,1.0,USD,
72,BLK,BLACKROCK INC,Financials,Equity,914334794.1,0.29,914334794.1,1254834,728.65,United States,New York Stock Exchange Inc.,USD,1.0,USD,
73,CAT,CATERPILLAR INC,Industrials,Equity,910578964.0,0.29,910578964.0,4693706,194.0,United States,New York Stock Exchange Inc.,USD,1.0,USD,
74,LMT,LOCKHEED MARTIN CORP,Industrials,Equity,893800164.15,0.29,893800164.15,2084179,428.85,United States,New York Stock Exchange Inc.,USD,1.0,USD,
75,DE,DEERE,Industrials,Equity,891141863.04,0.28,891141863.04,2462262,361.92,United States,New York Stock Exchange Inc.,USD,1.0,USD,
76,SBUX,STARBUCKS CORP,Consumer Discretionary,Equity,882119661.99,0.28,882119661.99,10107937,87.27,United States,NASDAQ,USD,1.0,USD,
77,NOW,SERVICENOW INC,Information Technology,Equity,881038290.65,0.28,881038290.65,1764017,499.45,United States,New York Stock Exchange Inc.,USD,1.0,USD,
78,AXP,AMERICAN EXPRESS,Financials,Equity,878155077.15,0.28,878155077.15,5387785,162.99,United States,New York Stock Exchange Inc.,USD,1.0,USD,
79,PLD,PROLOGIS REIT INC,Real Estate,Equity,876233708.19,0.28,876233708.19,6527853,134.23,United States,New York Stock Exchange Inc.,USD,1.0,USD,
80,AMAT,APPLIED MATERIAL INC,Information Technology,Equity,821943093.95,0.26,821943093.95,7788715,105.53,United States,NASDAQ,USD,1.0,USD,
81,BA,BOEING,Industrials,Equity,821573494.32,0.26,821573494.32,4893814,167.88,United States,New York Stock Exchange Inc.,USD,1.0,USD,
82,ADI,ANALOG DEVICES INC,Information Technology,Equity,806672526.55,0.26,806672526.55,4621441,174.55,United States,NASDAQ,USD,1.0,USD,
83,CI,CIGNA CORP,Health Care,Equity,801523866.0,0.26,801523866.0,2802531,286.0,United States,New York Stock Exchange Inc.,USD,1.0,USD,
84,MDLZ,MONDELEZ INTERNATIONAL INC CLASS A,Consumer Staples,Equity,784064767.5,0.25,784064767.5,12195750,64.29,United States,NASDAQ,USD,1.0,USD,
85,GE,GENERAL ELECTRIC,Industrials,Equity,764198968.5,0.24,764198968.5,9685665,78.9,United States,New York Stock Exchange Inc.,USD,1.0,USD,
86,MMC,MARSH & MCLENNAN INC,Financials,Equity,753310477.73,0.24,753310477.73,4425251,170.23,United States,New York Stock Exchange Inc.,USD,1.0,USD,
87,MMM,3M,Industrials,Equity,751566778.48,0.24,751566778.48,5021828,149.66,United States,New York Stock Exchange Inc.,USD,1.0,USD,
88,ISRG,INTUITIVE SURGICAL INC,Health Care,Equity,748733326.6,0.24,748733326.6,3172330,236.02,United States,NASDAQ,USD,1.0,USD,
89,TMUS,T MOBILE US INC,Communication,Equity,744577351.98,0.24,744577351.98,5184718,143.61,United States,NASDAQ,USD,1.0,USD,
90,BKNG,BOOKING HOLDINGS INC,Consumer Discretionary,Equity,737742606.0,0.24,737742606.0,357475,2063.76,United States,NASDAQ,USD,1.0,USD,
91,DUK,DUKE ENERGY CORP,Utilities,Equity,735199956.12,0.23,735199956.12,6775412,108.51,United States,New York Stock Exchange Inc.,USD,1.0,USD,
92,SO,SOUTHERN,Utilities,Equity,728366168.5,0.23,728366168.5,9350015,77.9,United States,New York Stock Exchange Inc.,USD,1.0,USD,
93,CB,CHUBB LTD,Financials,Equity,722655664.61,0.23,722655664.61,3728681,193.81,United States,New York Stock Exchange Inc.,USD,1.0,USD,
94,MO,ALTRIA GROUP INC,Consumer Staples,Equity,720772358.25,0.23,720772358.25,15971025,45.13,United States,New York Stock Exchange Inc.,USD,1.0,USD,
95,ZTS,ZOETIS INC CLASS A,Health Care,Equity,718172437.78,0.23,718172437.78,4146971,173.18,United States,New York Stock Exchange Inc.,USD,1.0,USD,
96,TGT,TARGET CORP,Consumer Discretionary,Equity,690173123.2,0.22,690173123.2,4069417,169.6,United States,New York Stock Exchange Inc.,USD,1.0,USD,
97,GILD,GILEAD SCIENCES INC,Health Care,Equity,690102476.0,0.22,690102476.0,11050480,62.45,United States,NASDAQ,USD,1.0,USD,
98,CCI,CROWN CASTLE INC,Real Estate,Equity,681642632.32,0.22,681642632.32,3810614,178.88,United States,New York Stock Exchange Inc.,USD,1.0,USD,
99,TJX,TJX INC,Consumer Discretionary,Equity,668729933.13,0.21,668729933.13,10382393,64.41,United States,New York Stock Exchange Inc.,USD,1.0,USD,
100,VRTX,VERTEX PHARMACEUTICALS INC,Health Care,Equity,657534711.68,0.21,657534711.68,2250598,292.16,United States,NASDAQ,USD,1.0,USD,
101,CSX,CSX CORP,Industrials,Equity,653605996.4,0.21,653605996.4,19133665,34.16,United States,NASDAQ,USD,1.0,USD,
102,BDX,BECTON DICKINSON,Health Care,Equity,651871421.8,0.21,651871421.8,2512997,259.4,United States,New York Stock Exchange Inc.,USD,1.0,USD,
103,SYK,STRYKER CORP,Health Care,Equity,645663866.25,0.21,645663866.25,2961625,218.01,United States,New York Stock Exchange Inc.,USD,1.0,USD,
104,CME,CME GROUP INC CLASS A,Financials,Equity,629464834.44,0.2,629464834.44,3162822,199.02,United States,NASDAQ,USD,1.0,USD,
105,PNC,PNC FINANCIAL SERVICES GROUP INC,Financials,Equity,625786118.34,0.2,625786118.34,3639561,171.94,United States,New York Stock Exchange Inc.,USD,1.0,USD,
106,PGR,PROGRESSIVE CORP,Financials,Equity,619985214.44,0.2,619985214.44,5146814,120.46,United States,New York Stock Exchange Inc.,USD,1.0,USD,
107,MU,MICRON TECHNOLOGY INC,Information Technology,Equity,614391441.92,0.2,614391441.92,9858656,62.32,United States,NASDAQ,USD,1.0,USD,
108,XTSLA,BLK CSH FND TREASURY SL AGENCY,Cash and/or Derivatives,Money Market,613680000.0,0.2,613680000.0,613680000,1.0,United States,-,USD,1.0,USD,
109,LRCX,LAM RESEARCH CORP,Information Technology,Equity,609041272.92,0.19,609041272.92,1224302,497.46,United States,NASDAQ,USD,1.0,USD,
110,NOC,NORTHROP GRUMMAN CORP,Industrials,Equity,604826655.27,0.19,604826655.27,1286017,470.31,United States,New York Stock Exchange Inc.,USD,1.0,USD,
111,TFC,TRUIST FINANCIAL CORP,Financials,Equity,599931986.22,0.19,599931986.22,11758761,51.02,United States,New York Stock Exchange Inc.,USD,1.0,USD,
112,REGN,REGENERON PHARMACEUTICALS INC,Health Care,Equity,593086826.8,0.19,593086826.8,950612,623.9,United States,NASDAQ,USD,1.0,USD,
113,CL,COLGATE-PALMOLIVE,Consumer Staples,Equity,586220916.0,0.19,586220916.0,7373848,79.5,United States,New York Stock Exchange Inc.,USD,1.0,USD,
114,EOG,EOG RESOURCES INC,Energy,Equity,585320386.14,0.19,585320386.14,5155191,113.54,United States,New York Stock Exchange Inc.,USD,1.0,USD,
115,D,DOMINION ENERGY INC,Utilities,Equity,583964259.2,0.19,583964259.2,7142420,81.76,United States,New York Stock Exchange Inc.,USD,1.0,USD,
116,USB,US BANCORP,Financials,Equity,576317079.8,0.18,576317079.8,11897545,48.44,United States,New York Stock Exchange Inc.,USD,1.0,USD,
117,WM,WASTE MANAGEMENT INC,Industrials,Equity,571452964.38,0.18,571452964.38,3366637,169.74,United States,New York Stock Exchange Inc.,USD,1.0,USD,
118,EW,EDWARDS LIFESCIENCES CORP,Health Care,Equity,568439802.0,0.18,568439802.0,5469975,103.92,United States,New York Stock Exchange Inc.,USD,1.0,USD,
119,AON,AON PLC CLASS A,Financials,Equity,554510346.41,0.18,554510346.41,1868989,296.69,United States,New York Stock Exchange Inc.,USD,1.0,USD,
120,ATVI,ACTIVISION BLIZZARD INC,Communication,Equity,553940359.92,0.18,553940359.92,6880392,80.51,United States,NASDAQ,USD,1.0,USD,
121,EL,ESTEE LAUDER INC CLASS A,Consumer Staples,Equity,552922968.96,0.18,552922968.96,2045136,270.36,United States,New York Stock Exchange Inc.,USD,1.0,USD,
122,FISV,FISERV INC,Information Technology,Equity,552705106.56,0.18,552705106.56,5119536,107.96,United States,NASDAQ,USD,1.0,USD,
123,EQIX,EQUINIX REIT INC,Real Estate,Equity,552113184.15,0.18,552113184.15,800965,689.31,United States,NASDAQ,USD,1.0,USD,
124,F,FORD MOTOR CO,Consumer Discretionary,Equity,550086199.66,0.18,550086199.66,34749602,15.83,United States,New York Stock Exchange Inc.,USD,1.0,USD,
125,NSC,NORFOLK SOUTHERN CORP,Industrials,Equity,547016584.52,0.17,547016584.52,2102212,260.21,United States,New York Stock Exchange Inc.,USD,1.0,USD,
126,FIS,FIDELITY NATIONAL INFORMATION SERV,Information Technology,Equity,540207177.11,0.17,540207177.11,5374661,100.51,United States,New York Stock Exchange Inc.,USD,1.0,USD,
127,HUM,HUMANA INC,Health Care,Equity,538843004.57,0.17,538843004.57,1113151,484.07,United States,New York Stock Exchange Inc.,USD,1.0,USD,
128,ITW,ILLINOIS TOOL INC,Industrials,Equity,534087202.84,0.17,534087202.84,2505452,213.17,United States,New York Stock Exchange Inc.,USD,1.0,USD,
129,ICE,INTERCONTINENTAL EXCHANGE INC,Financials,Equity,525704986.77,0.17,525704986.77,4930179,106.63,United States,New York Stock Exchange Inc.,USD,1.0,USD,
130,BSX,BOSTON SCIENTIFIC CORP,Health Care,Equity,525339380.16,0.17,525339380.16,12579966,41.76,United States,New York Stock Exchange Inc.,USD,1.0,USD,
131,ETN,EATON PLC,Industrials,Equity,524736286.2,0.17,524736286.2,3511116,149.45,United States,New York Stock Exchange Inc.,USD,1.0,USD,
132,MRNA,MODERNA INC,Health Care,Equity,523210072.23,0.17,523210072.23,3045283,171.81,United States,NASDAQ,USD,1.0,USD,
133,APD,AIR PRODUCTS AND CHEMICALS INC,Materials,Equity,516651195.06,0.16,516651195.06,1951026,264.81,United States,New York Stock Exchange Inc.,USD,1.0,USD,
134,SHW,SHERWIN WILLIAMS,Materials,Equity,515814867.18,0.16,515814867.18,2114082,243.99,United States,New York Stock Exchange Inc.,USD,1.0,USD,
135,OXY,OCCIDENTAL PETROLEUM CORP,Energy,Equity,514661902.83,0.16,514661902.83,7834707,65.69,United States,New York Stock Exchange Inc.,USD,1.0,USD,
136,SNPS,SYNOPSYS INC,Information Technology,Equity,509270009.13,0.16,509270009.13,1350813,377.01,United States,NASDAQ,USD,1.0,USD,
137,DG,DOLLAR GENERAL CORP,Consumer Discretionary,Equity,507097678.97,0.16,507097678.97,2013331,251.87,United States,New York Stock Exchange Inc.,USD,1.0,USD,
138,GM,GENERAL MOTORS,Consumer Discretionary,Equity,493453414.92,0.16,493453414.92,12830302,38.46,United States,New York Stock Exchange Inc.,USD,1.0,USD,
139,KLAC,KLA CORP,Information Technology,Equity,489515801.25,0.16,489515801.25,1313255,372.75,United States,NASDAQ,USD,1.0,USD,
140,CNC,CENTENE CORP,Health Care,Equity,483860163.01,0.15,483860163.01,5146901,94.01,United States,New York Stock Exchange Inc.,USD,1.0,USD,
141,FDX,FEDEX CORP,Industrials,Equity,481022544.64,0.15,481022544.64,2098336,229.24,United States,New York Stock Exchange Inc.,USD,1.0,USD,
142,CHTR,CHARTER COMMUNICATIONS INC CLASS A,Communication,Equity,475170684.16,0.15,475170684.16,1019264,466.19,United States,NASDAQ,USD,1.0,USD,
143,GD,GENERAL DYNAMICS CORP,Industrials,Equity,471307910.14,0.15,471307910.14,2033077,231.82,United States,New York Stock Exchange Inc.,USD,1.0,USD,
144,PSA,PUBLIC STORAGE REIT,Real Estate,Equity,466727432.4,0.15,466727432.4,1347210,346.44,United States,New York Stock Exchange Inc.,USD,1.0,USD,
145,MPC,MARATHON PETROLEUM CORP,Energy,Equity,460454201.35,0.15,460454201.35,4761185,96.71,United States,New York Stock Exchange Inc.,USD,1.0,USD,
146,MCK,MCKESSON CORP,Health Care,Equity,458947317.6,0.15,458947317.6,1279260,358.76,United States,New York Stock Exchange Inc.,USD,1.0,USD,
147,SLB,SCHLUMBERGER NV,Energy,Equity,458842800.15,0.15,458842800.15,12438135,36.89,United States,New York Stock Exchange Inc.,USD,1.0,USD,
148,EMR,EMERSON ELECTRIC,Industrials,Equity,457767102.78,0.15,457767102.78,5232222,87.49,United States,New York Stock Exchange Inc.,USD,1.0,USD,
149,AEP,AMERICAN ELECTRIC POWER INC,Utilities,Equity,457318853.2,0.15,457318853.2,4518961,101.2,United States,NASDAQ,USD,1.0,USD,
150,CDNS,CADENCE DESIGN SYSTEMS INC,Information Technology,Equity,453918411.3,0.14,453918411.3,2435838,186.35,United States,NASDAQ,USD,1.0,USD,
151,SRE,SEMPRA,Utilities,Equity,453304989.9,0.14,453304989.9,2765910,163.89,United States,New York Stock Exchange Inc.,USD,1.0,USD,
152,PXD,PIONEER NATURAL RESOURCE,Energy,Equity,452419873.92,0.14,452419873.92,1980129,228.48,United States,New York Stock Exchange Inc.,USD,1.0,USD,
153,MCO,MOODYS CORP,Financials,Equity,450486698.4,0.14,450486698.4,1418409,317.6,United States,New York Stock Exchange Inc.,USD,1.0,USD,
154,ADSK,AUTODESK INC,Information Technology,Equity,434819966.9,0.14,434819966.9,1913315,227.26,United States,NASDAQ,USD,1.0,USD,
155,HCA,HCA HEALTHCARE INC,Health Care,Equity,433548388.96,0.14,433548388.96,2002348,216.52,United States,New York Stock Exchange Inc.,USD,1.0,USD,
156,NXPI,NXP SEMICONDUCTORS NV,Information Technology,Equity,416667157.58,0.13,416667157.58,2309941,180.38,United States,NASDAQ,USD,1.0,USD,
157,ADM,ARCHER DANIELS MIDLAND,Consumer Staples,Equity,416634691.76,0.13,416634691.76,4951684,84.14,United States,New York Stock Exchange Inc.,USD,1.0,USD,
158,ORLY,OREILLY AUTOMOTIVE INC,Consumer Discretionary,Equity,416106024.59,0.13,416106024.59,578399,719.41,United States,NASDAQ,USD,1.0,USD,1970-01-01
159,APH,AMPHENOL CORP CLASS A,Information Technology,Equity,410394698.89,0.13,410394698.89,5268901,77.89,United States,New York Stock Exchange Inc.,USD,1.0,USD,
160,GIS,GENERAL MILLS INC,Consumer Staples,Equity,408381698.4,0.13,408381698.4,5306415,76.96,United States,New York Stock Exchange Inc.,USD,1.0,USD,
161,VLO,VALERO ENERGY CORP,Energy,Equity,408150357.78,0.13,408150357.78,3577442,114.09,United States,New York Stock Exchange Inc.,USD,1.0,USD,
162,MET,METLIFE INC,Financials,Equity,405663732.63,0.13,405663732.63,6082827,66.69,United States,New York Stock Exchange Inc.,USD,1.0,USD,
163,ROP,ROPER TECHNOLOGIES INC,Information Technology,Equity,404441296.9,0.13,404441296.9,932537,433.7,United States,New York Stock Exchange Inc.,USD,1.0,USD,
164,FCX,FREEPORT MCMORAN INC,Materials,Equity,403903788.38,0.13,403903788.38,12753514,31.67,United States,New York Stock Exchange Inc.,USD,1.0,USD,
165,IQV,IQVIA HOLDINGS INC,Health Care,Equity,403610988.0,0.13,403610988.0,1667814,242.0,United States,New York Stock Exchange Inc.,USD,1.0,USD,
166,KMB,KIMBERLY CLARK CORP,Consumer Staples,Equity,399234090.71,0.13,399234090.71,2965417,134.63,United States,New York Stock Exchange Inc.,USD,1.0,USD,
167,CMG,CHIPOTLE MEXICAN GRILL INC,Consumer Discretionary,Equity,399055955.04,0.13,399055955.04,244656,1631.09,United States,New York Stock Exchange Inc.,USD,1.0,USD,
168,COF,CAPITAL ONE FINANCIAL CORP,Financials,Equity,398726768.36,0.13,398726768.36,3459068,115.27,United States,New York Stock Exchange Inc.,USD,1.0,USD,
169,EXC,EXELON CORP,Utilities,Equity,394821951.0,0.13,394821951.0,8639430,45.7,United States,NASDAQ,USD,1.0,USD,
170,AIG,AMERICAN INTERNATIONAL GROUP INC,Financials,Equity,392713100.83,0.13,392713100.83,6971651,56.33,United States,New York Stock Exchange Inc.,USD,1.0,USD,
171,LHX,L3HARRIS TECHNOLOGIES INC,Industrials,Equity,392571292.48,0.13,392571292.48,1697312,231.29,United States,New York Stock Exchange Inc.,USD,1.0,USD,
172,O,REALTY INCOME REIT CORP,Real Estate,Equity,390974217.0,0.12,390974217.0,5293450,73.86,United States,New York Stock Exchange Inc.,USD,1.0,USD,
173,MAR,MARRIOTT INTERNATIONAL INC CLASS A,Consumer Discretionary,Equity,389828576.46,0.12,389828576.46,2419342,161.13,United States,NASDAQ,USD,1.0,USD,
174,AZO,AUTOZONE INC,Consumer Discretionary,Equity,389683615.23,0.12,389683615.23,174681,2230.83,United States,New York Stock Exchange Inc.,USD,1.0,USD,
175,CTVA,CORTEVA INC,Materials,Equity,382631869.83,0.12,382631869.83,6348629,60.27,United States,New York Stock Exchange Inc.,USD,1.0,USD,
176,TEL,TE CONNECTIVITY LTD,Information Technology,Equity,379953517.58,0.12,379953517.58,2829983,134.26,United States,New York Stock Exchange Inc.,USD,1.0,USD,
177,ECL,ECOLAB INC,Materials,Equity,376613149.59,0.12,376613149.59,2200743,171.13,United States,New York Stock Exchange Inc.,USD,1.0,USD,
178,PAYX,PAYCHEX INC,Information Technology,Equity,375157777.86,0.12,375157777.86,2840598,132.07,United States,NASDAQ,USD,1.0,USD,
179,PSX,PHILLIPS 66,Energy,Equity,373938165.26,0.12,373938165.26,4233422,88.33,United States,New York Stock Exchange Inc.,USD,1.0,USD,
180,MSI,MOTOROLA SOLUTIONS INC,Information Technology,Equity,371396524.8,0.12,371396524.8,1472160,252.28,United States,New York Stock Exchange Inc.,USD,1.0,USD,
181,SYY,SYSCO CORP,Consumer Staples,Equity,369328809.24,0.12,369328809.24,4489774,82.26,United States,New York Stock Exchange Inc.,USD,1.0,USD,
182,WMB,WILLIAMS INC,Energy,Equity,365537635.22,0.12,365537635.22,10770113,33.94,United States,New York Stock Exchange Inc.,USD,1.0,USD,
183,MSCI,MSCI INC,Financials,Equity,358206088.32,0.11,358206088.32,714811,501.12,United States,New York Stock Exchange Inc.,USD,1.0,USD,
184,XEL,XCEL ENERGY INC,Utilities,Equity,357590211.12,0.11,357590211.12,4792792,74.61,United States,NASDAQ,USD,1.0,USD,
185,TRV,TRAVELERS COMPANIES INC,Financials,Equity,355426585.23,0.11,355426585.23,2105483,168.81,United States,New York Stock Exchange Inc.,USD,1.0,USD,
186,DOW,DOW INC,Materials,Equity,353573649.9,0.11,353573649.9,6398365,55.26,United States,New York Stock Exchange Inc.,USD,1.0,USD,
187,A,AGILENT TECHNOLOGIES INC,Health Care,Equity,351147979.0,0.11,351147979.0,2661220,131.95,United States,New York Stock Exchange Inc.,USD,1.0,USD,
188,MCHP,MICROCHIP TECHNOLOGY INC,Information Technology,Equity,349123697.91,0.11,349123697.91,4891743,71.37,United States,NASDAQ,USD,1.0,USD,
189,DVN,DEVON ENERGY CORP,Energy,Equity,348185782.34,0.11,348185782.34,5401579,64.46,United States,New York Stock Exchange Inc.,USD,1.0,USD,
190,ENPH,ENPHASE ENERGY INC,Information Technology,Equity,346484297.6,0.11,346484297.6,1182944,292.9,United States,NASDAQ,USD,1.0,USD,
191,PH,PARKER-HANNIFIN CORP,Industrials,Equity,344181346.18,0.11,344181346.18,1138693,302.26,United States,New York Stock Exchange Inc.,USD,1.0,USD,
192,AJG,ARTHUR J GALLAGHER,Financials,Equity,343613227.6,0.11,343613227.6,1855363,185.2,United States,New York Stock Exchange Inc.,USD,1.0,USD,
193,JCI,JOHNSON CONTROLS INTERNATIONAL PLC,Industrials,Equity,343349121.56,0.11,343349121.56,6092071,56.36,United States,New York Stock Exchange Inc.,USD,1.0,USD,
194,STZ,CONSTELLATION BRANDS INC CLASS A,Consumer Staples,Equity,341987376.32,0.11,341987376.32,1425898,239.84,United States,New York Stock Exchange Inc.,USD,1.0,USD,
195,PRU,PRUDENTIAL FINANCIAL INC,Financials,Equity,337765798.02,0.11,337765798.02,3279598,102.99,United States,New York Stock Exchange Inc.,USD,1.0,USD,
196,NUE,NUCOR CORP,Materials,Equity,332245511.4,0.11,332245511.4,2341406,141.9,United States,New York Stock Exchange Inc.,USD,1.0,USD,
197,HLT,HILTON WORLDWIDE HOLDINGS INC,Consumer Discretionary,Equity,331843565.02,0.11,331843565.02,2463758,134.69,United States,New York Stock Exchange Inc.,USD,1.0,USD,
198,SPG,SIMON PROPERTY GROUP REIT INC,Real Estate,Equity,331017907.88,0.11,331017907.88,2901884,114.07,United States,New York Stock Exchange Inc.,USD,1.0,USD,
199,GPN,GLOBAL PAYMENTS INC,Information Technology,Equity,330880675.45,0.11,330880675.45,2477579,133.55,United States,New York Stock Exchange Inc.,USD,1.0,USD,
200,DLTR,DOLLAR TREE INC,Consumer Discretionary,Equity,328653361.34,0.1,328653361.34,1987382,165.37,United States,NASDAQ,USD,1.0,USD,
201,TT,TRANE TECHNOLOGIES PLC,Industrials,Equity,328393683.84,0.1,328393683.84,2070056,158.64,United States,New York Stock Exchange Inc.,USD,1.0,USD,
202,CTAS,CINTAS CORP,Industrials,Equity,327453992.76,0.1,327453992.76,762159,429.64,United States,NASDAQ,USD,1.0,USD,
203,AFL,AFLAC INC,Financials,Equity,326679251.04,0.1,326679251.04,5215186,62.64,United States,New York Stock Exchange Inc.,USD,1.0,USD,
204,WELL,WELLTOWER INC,Real Estate,Equity,324480464.47,0.1,324480464.47,3994589,81.23,United States,New York Stock Exchange Inc.,USD,1.0,USD,
205,SBAC,SBA COMMUNICATIONS REIT CORP CLASS,Real Estate,Equity,323960876.05,0.1,323960876.05,943145,343.49,United States,NASDAQ,USD,1.0,USD,
206,DLR,DIGITAL REALTY TRUST REIT INC,Real Estate,Equity,323227375.68,0.1,323227375.68,2505056,129.03,United States,New York Stock Exchange Inc.,USD,1.0,USD,
207,EA,ELECTRONIC ARTS INC,Communication,Equity,321177937.28,0.1,321177937.28,2476696,129.68,United States,NASDAQ,USD,1.0,USD,
208,CARR,CARRIER GLOBAL CORP,Industrials,Equity,320710230.75,0.1,320710230.75,7449715,43.05,United States,New York Stock Exchange Inc.,USD,1.0,USD,
209,KMI,KINDER MORGAN INC,Energy,Equity,319003433.32,0.1,319003433.32,17159948,18.59,United States,New York Stock Exchange Inc.,USD,1.0,USD,
210,HPQ,HP INC,Information Technology,Equity,317212042.7,0.1,317212042.7,9269785,34.22,United States,New York Stock Exchange Inc.,USD,1.0,USD,
211,NEM,NEWMONT,Materials,Equity,316295743.8,0.1,316295743.8,6982246,45.3,United States,New York Stock Exchange Inc.,USD,1.0,USD,
212,ILMN,ILLUMINA INC,Health Care,Equity,316115899.28,0.1,316115899.28,1389887,227.44,United States,NASDAQ,USD,1.0,USD,
213,CTSH,COGNIZANT TECHNOLOGY SOLUTIONS COR,Information Technology,Equity,313829533.92,0.1,313829533.92,4566786,68.72,United States,NASDAQ,USD,1.0,USD,
214,RMD,RESMED INC,Health Care,Equity,310191196.7,0.1,310191196.7,1287902,240.85,United States,New York Stock Exchange Inc.,USD,1.0,USD,
215,ED,CONSOLIDATED EDISON INC,Utilities,Equity,307937998.32,0.1,307937998.32,3126909,98.48,United States,New York Stock Exchange Inc.,USD,1.0,USD,
216,ALL,ALLSTATE CORP,Financials,Equity,307181598.24,0.1,307181598.24,2419896,126.94,United States,New York Stock Exchange Inc.,USD,1.0,USD,
217,FTNT,FORTINET INC,Information Technology,Equity,306991111.96,0.1,306991111.96,5845223,52.52,United States,NASDAQ,USD,1.0,USD,
218,DXCM,DEXCOM INC,Health Care,Equity,304774430.24,0.1,304774430.24,3453926,88.24,United States,NASDAQ,USD,1.0,USD,
219,TDG,TRANSDIGM GROUP INC,Industrials,Equity,301868248.5,0.1,301868248.5,456339,661.5,United States,New York Stock Exchange Inc.,USD,1.0,USD,
220,OTIS,OTIS WORLDWIDE CORP,Industrials,Equity,301810810.6,0.1,301810810.6,3744551,80.6,United States,New York Stock Exchange Inc.,USD,1.0,USD,
221,USD,USD CASH,Cash and/or Derivatives,Cash,299133808.42,0.1,299133808.42,299133808,100.0,United States,-,USD,1.0,USD,
222,MNST,MONSTER BEVERAGE CORP,Consumer Staples,Equity,297941591.6,0.1,297941591.6,3336412,89.3,United States,NASDAQ,USD,1.0,USD,
223,MTB,M&T BANK CORP,Financials,Equity,295739340.78,0.09,295739340.78,1582594,186.87,United States,New York Stock Exchange Inc.,USD,1.0,USD,
224,VICI,VICI PPTYS INC,Real Estate,Equity,295018160.48,0.09,295018160.48,8472664,34.82,United States,New York Stock Exchange Inc.,USD,1.0,USD,
225,TWTR,TWITTER INC,Communication,Equity,294965045.7,0.09,294965045.7,6712905,43.94,United States,New York Stock Exchange Inc.,USD,1.0,USD,
226,YUM,YUM BRANDS INC,Consumer Discretionary,Equity,294510773.13,0.09,294510773.13,2502003,117.71,United States,New York Stock Exchange Inc.,USD,1.0,USD,
227,PEG,PUBLIC SERVICE ENTERPRISE GROUP IN,Utilities,Equity,293003048.52,0.09,293003048.52,4393508,66.69,United States,New York Stock Exchange Inc.,USD,1.0,USD,
228,IDXX,IDEXX LABORATORIES INC,Health Care,Equity,292459073.56,0.09,292459073.56,737267,396.68,United States,NASDAQ,USD,1.0,USD,
229,WEC,WEC ENERGY GROUP INC,Utilities,Equity,292401622.13,0.09,292401622.13,2802661,104.33,United States,New York Stock Exchange Inc.,USD,1.0,USD,
230,BK,BANK OF NEW YORK MELLON CORP,Financials,Equity,291772106.19,0.09,291772106.19,6575887,44.37,United States,New York Stock Exchange Inc.,USD,1.0,USD,
231,HSY,HERSHEY FOODS,Consumer Staples,Equity,289957080.24,0.09,289957080.24,1287668,225.18,United States,New York Stock Exchange Inc.,USD,1.0,USD,
232,PCAR,PACCAR INC,Industrials,Equity,284391768.0,0.09,284391768.0,3057976,93.0,United States,NASDAQ,USD,1.0,USD,
233,BIIB,BIOGEN INC,Health Care,Equity,283819332.42,0.09,283819332.42,1300611,218.22,United States,NASDAQ,USD,1.0,USD,
234,ES,EVERSOURCE ENERGY,Utilities,Equity,280254869.37,0.09,280254869.37,3059217,91.61,United States,New York Stock Exchange Inc.,USD,1.0,USD,
235,VRSK,VERISK ANALYTICS INC,Industrials,Equity,279164010.3,0.09,279164010.3,1389567,200.9,United States,NASDAQ,USD,1.0,USD,
236,FAST,FASTENAL,Industrials,Equity,278502120.16,0.09,278502120.16,5104511,54.56,United States,NASDAQ,USD,1.0,USD,
237,CMI,CUMMINS INC,Industrials,Equity,278357168.16,0.09,278357168.16,1243332,223.88,United States,New York Stock Exchange Inc.,USD,1.0,USD,
238,DD,DUPONT DE NEMOURS INC,Materials,Equity,276290363.28,0.09,276290363.28,4443396,62.18,United States,New York Stock Exchange Inc.,USD,1.0,USD,
239,PPG,PPG INDUSTRIES INC,Materials,Equity,275563110.8,0.09,275563110.8,2066620,133.34,United States,New York Stock Exchange Inc.,USD,1.0,USD,
240,ROST,ROSS STORES INC,Consumer Discretionary,Equity,275385360.1,0.09,275385360.1,3124054,88.15,United States,NASDAQ,USD,1.0,USD,
241,IFF,INTERNATIONAL FLAVORS & FRAGRANCES,Materials,Equity,275196444.72,0.09,275196444.72,2251464,122.23,United States,New York Stock Exchange Inc.,USD,1.0,USD,
242,AMP,AMERIPRISE FINANCE INC,Financials,Equity,274666273.92,0.09,274666273.92,969456,283.32,United States,New York Stock Exchange Inc.,USD,1.0,USD,
243,HES,HESS CORP,Energy,Equity,273930209.28,0.09,273930209.28,2442752,112.14,United States,New York Stock Exchange Inc.,USD,1.0,USD,
244,ALB,ALBEMARLE CORP,Materials,Equity,273837859.6,0.09,273837859.6,1030628,265.7,United States,New York Stock Exchange Inc.,USD,1.0,USD,
245,KR,KROGER,Consumer Staples,Equity,272445896.58,0.09,272445896.58,5773382,47.19,United States,New York Stock Exchange Inc.,USD,1.0,USD,
246,MTD,METTLER TOLEDO INC,Health Care,Equity,268408513.05,0.09,268408513.05,199295,1346.79,United States,New York Stock Exchange Inc.,USD,1.0,USD,
247,DFS,DISCOVER FINANCIAL SERVICES,Financials,Equity,268296943.05,0.09,268296943.05,2472555,108.51,United States,New York Stock Exchange Inc.,USD,1.0,USD,
248,WBD,WARNER BROS. DISCOVERY INC SERIES,Communication,Equity,268120927.44,0.09,268120927.44,19599483,13.68,United States,NASDAQ,USD,1.0,USD,
249,KEYS,KEYSIGHT TECHNOLOGIES INC,Information Technology,Equity,267333852.8,0.09,267333852.8,1603490,166.72,United States,New York Stock Exchange Inc.,USD,1.0,USD,
250,BAX,BAXTER INTERNATIONAL INC,Health Care,Equity,265722152.46,0.08,265722152.46,4430918,59.97,United States,New York Stock Exchange Inc.,USD,1.0,USD,
251,AVB,AVALONBAY COMMUNITIES REIT INC,Real Estate,Equity,265032760.16,0.08,265032760.16,1232252,215.08,United States,New York Stock Exchange Inc.,USD,1.0,USD,
252,FRC,FIRST REPUBLIC BANK,Financials,Equity,263708692.04,0.08,263708692.04,1588798,165.98,United States,New York Stock Exchange Inc.,USD,1.0,USD,
253,RSG,REPUBLIC SERVICES INC,Industrials,Equity,261348744.0,0.08,261348744.0,1843080,141.8,United States,New York Stock Exchange Inc.,USD,1.0,USD,
254,ROK,ROCKWELL AUTOMATION INC,Industrials,Equity,261271165.48,0.08,261271165.48,1033019,252.92,United States,New York Stock Exchange Inc.,USD,1.0,USD,
255,APTV,APTIV PLC,Consumer Discretionary,Equity,261148040.82,0.08,261148040.82,2404014,108.63,United States,New York Stock Exchange Inc.,USD,1.0,USD,
256,AME,AMETEK INC,Industrials,Equity,259830647.7,0.08,259830647.7,2043015,127.18,United States,New York Stock Exchange Inc.,USD,1.0,USD,
257,TROW,T ROWE PRICE GROUP INC,Financials,Equity,257845991.85,0.08,257845991.85,1990935,129.51,United States,NASDAQ,USD,1.0,USD,
258,OKE,ONEOK INC,Energy,Equity,255648261.12,0.08,255648261.12,3935472,64.96,United States,New York Stock Exchange Inc.,USD,1.0,USD,
259,ODFL,OLD DOMINION FREIGHT LINE INC,Industrials,Equity,254829127.59,0.08,254829127.59,807981,315.39,United States,NASDAQ,USD,1.0,USD,
260,WBA,WALGREEN BOOTS ALLIANCE INC,Consumer Staples,Equity,254223794.44,0.08,254223794.44,6344492,40.07,United States,NASDAQ,USD,1.0,USD,
261,ON,ON SEMICONDUCTOR CORP,Information Technology,Equity,253340979.36,0.08,253340979.36,3817676,66.36,United States,NASDAQ,USD,1.0,USD,
262,KDP,KEURIG DR PEPPER INC,Consumer Staples,Equity,252893107.3,0.08,252893107.3,6481115,39.02,United States,NASDAQ,USD,1.0,USD,
263,ANET,ARISTA NETWORKS INC,Information Technology,Equity,252590082.18,0.08,252590082.18,2004206,126.03,United States,New York Stock Exchange Inc.,USD,1.0,USD,
264,GLW,CORNING INC,Information Technology,Equity,248432059.8,0.08,248432059.8,6689070,37.14,United States,New York Stock Exchange Inc.,USD,1.0,USD,
265,AWK,AMERICAN WATER WORKS INC,Utilities,Equity,248108307.2,0.08,248108307.2,1598636,155.2,United States,New York Stock Exchange Inc.,USD,1.0,USD,
266,EXR,EXTRA SPACE STORAGE REIT INC,Real Estate,Equity,247764795.75,0.08,247764795.75,1194335,207.45,United States,New York Stock Exchange Inc.,USD,1.0,USD,
267,CBRE,CBRE GROUP INC CLASS A,Real Estate,Equity,245503300.5,0.08,245503300.5,2876430,85.35,United States,New York Stock Exchange Inc.,USD,1.0,USD,
268,CPRT,COPART INC,Industrials,Equity,243258378.14,0.08,243258378.14,1892914,128.51,United States,NASDAQ,USD,1.0,USD,
269,KHC,KRAFT HEINZ,Consumer Staples,Equity,243218629.23,0.08,243218629.23,6279851,38.73,United States,NASDAQ,USD,1.0,USD,
270,WY,WEYERHAEUSER REIT,Real Estate,Equity,241252574.8,0.08,241252574.8,6622360,36.43,United States,New York Stock Exchange Inc.,USD,1.0,USD,
271,EBAY,EBAY INC,Consumer Discretionary,Equity,239324789.4,0.08,239324789.4,4927420,48.57,United States,NASDAQ,USD,1.0,USD,
272,STT,STATE STREET CORP,Financials,Equity,238103374.11,0.08,238103374.11,3239061,73.51,United States,New York Stock Exchange Inc.,USD,1.0,USD,
273,SIVB,SVB FINANCIAL GROUP,Financials,Equity,237717490.15,0.08,237717490.15,522215,455.21,United States,NASDAQ,USD,1.0,USD,
274,EQR,EQUITY RESIDENTIAL REIT,Real Estate,Equity,237724359.27,0.08,237724359.27,3023329,78.63,United States,New York Stock Exchange Inc.,USD,1.0,USD,
275,HAL,HALLIBURTON,Energy,Equity,235484095.55,0.08,235484095.55,7963615,29.57,United States,New York Stock Exchange Inc.,USD,1.0,USD,
276,EFX,EQUIFAX INC,Industrials,Equity,235378482.2,0.08,235378482.2,1078234,218.3,United States,New York Stock Exchange Inc.,USD,1.0,USD,
277,EIX,EDISON INTERNATIONAL,Utilities,Equity,234016674.0,0.07,234016674.0,3391546,69.0,United States,New York Stock Exchange Inc.,USD,1.0,USD,
278,DTE,DTE ENERGY,Utilities,Equity,229143737.93,0.07,229143737.93,1718621,133.33,United States,New York Stock Exchange Inc.,USD,1.0,USD,
279,CEG,CONSTELLATION ENERGY CORP,Utilities,Equity,226932414.31,0.07,226932414.31,2878757,78.83,United States,NASDAQ,USD,1.0,USD,
280,FITB,FIFTH THIRD BANCORP,Financials,Equity,224301406.68,0.07,224301406.68,6049121,37.08,United States,NASDAQ,USD,1.0,USD,
281,DHI,D R HORTON INC,Consumer Discretionary,Equity,222472780.2,0.07,222472780.2,2826846,78.7,United States,New York Stock Exchange Inc.,USD,1.0,USD,
282,EPAM,EPAM SYSTEMS INC,Information Technology,Equity,221676701.68,0.07,221676701.68,508888,435.61,United States,New York Stock Exchange Inc.,USD,1.0,USD,
283,WST,WEST PHARMACEUTICAL SERVICES INC,Health Care,Equity,221579198.75,0.07,221579198.75,656045,337.75,United States,New York Stock Exchange Inc.,USD,1.0,USD,
284,ARE,ALEXANDRIA REAL ESTATE EQUITIES RE,Real Estate,Equity,218227953.33,0.07,218227953.33,1306989,166.97,United States,New York Stock Exchange Inc.,USD,1.0,USD,
285,AEE,AMEREN CORP,Utilities,Equity,215958606.97,0.07,215958606.97,2296699,94.03,United States,New York Stock Exchange Inc.,USD,1.0,USD,
286,FTV,FORTIVE CORP,Industrials,Equity,214992634.48,0.07,214992634.48,3195491,67.28,United States,New York Stock Exchange Inc.,USD,1.0,USD,
287,ANSS,ANSYS INC,Information Technology,Equity,214843568.1,0.07,214843568.1,766915,280.14,United States,NASDAQ,USD,1.0,USD,
288,DRE,DUKE REALTY REIT CORP,Real Estate,Equity,214452236.79,0.07,214452236.79,3383061,63.39,United States,New York Stock Exchange Inc.,USD,1.0,USD,
289,ETR,ENTERGY CORP,Utilities,Equity,212860886.8,0.07,212860886.8,1792060,118.78,United States,New York Stock Exchange Inc.,USD,1.0,USD,
290,ZBH,ZIMMER BIOMET HOLDINGS INC,Health Care,Equity,212645810.0,0.07,212645810.0,1849094,115.0,United States,New York Stock Exchange Inc.,USD,1.0,USD,
291,WTW,WILLIS TOWERS WATSON PLC,Financials,Equity,212384636.1,0.07,212384636.1,981218,216.45,United States,NASDAQ,USD,1.0,USD,
292,IT,GARTNER INC,Information Technology,Equity,211975204.09,0.07,211975204.09,707551,299.59,United States,New York Stock Exchange Inc.,USD,1.0,USD,
293,LH,LABORATORY CORPORATION OF AMERICA,Health Care,Equity,211706242.8,0.07,211706242.8,818220,258.74,United States,New York Stock Exchange Inc.,USD,1.0,USD,
294,GWW,WW GRAINGER INC,Industrials,Equity,211135609.84,0.07,211135609.84,372794,566.36,United States,New York Stock Exchange Inc.,USD,1.0,USD,
295,CDW,CDW CORP,Information Technology,Equity,208911810.18,0.07,208911810.18,1188958,175.71,United States,NASDAQ,USD,1.0,USD,
296,LYB,LYONDELLBASELL INDUSTRIES NV CLASS,Materials,Equity,208200260.73,0.07,208200260.73,2277653,91.41,United States,New York Stock Exchange Inc.,USD,1.0,USD,
297,BKR,BAKER HUGHES CLASS A,Energy,Equity,208068582.08,0.07,208068582.08,8230561,25.28,United States,NASDAQ,USD,1.0,USD,
298,VMC,VULCAN MATERIALS,Materials,Equity,207537302.88,0.07,207537302.88,1181808,175.61,United States,New York Stock Exchange Inc.,USD,1.0,USD,
299,CTRA,COTERRA ENERGY INC,Energy,Equity,206617384.75,0.07,206617384.75,7044575,29.33,United States,New York Stock Exchange Inc.,USD,1.0,USD,
300,URI,UNITED RENTALS INC,Industrials,Equity,206538848.46,0.07,206538848.46,621693,332.22,United States,New York Stock Exchange Inc.,USD,1.0,USD,
301,LUV,SOUTHWEST AIRLINES,Industrials,Equity,205468428.69,0.07,205468428.69,5272477,38.97,United States,New York Stock Exchange Inc.,USD,1.0,USD,
302,TSN,TYSON FOODS INC CLASS A,Consumer Staples,Equity,204954940.01,0.07,204954940.01,2540029,80.69,United States,New York Stock Exchange Inc.,USD,1.0,USD,
303,FE,FIRSTENERGY CORP,Utilities,Equity,202013465.98,0.06,202013465.98,5041514,40.07,United States,New York Stock Exchange Inc.,USD,1.0,USD,
304,MPWR,MONOLITHIC POWER SYSTEMS INC,Information Technology,Equity,201061968.81,0.06,201061968.81,388173,517.97,United States,NASDAQ,USD,1.0,USD,
305,MLM,MARTIN MARIETTA MATERIALS INC,Materials,Equity,200511776.64,0.06,200511776.64,549528,364.88,United States,New York Stock Exchange Inc.,USD,1.0,USD,
306,LEN,LENNAR A CORP,Consumer Discretionary,Equity,200305091.44,0.06,200305091.44,2282419,87.76,United States,New York Stock Exchange Inc.,USD,1.0,USD,
307,MKC,MCCORMICK & CO NON-VOTING INC,Consumer Staples,Equity,195695990.88,0.06,195695990.88,2183376,89.63,United States,New York Stock Exchange Inc.,USD,1.0,USD,
308,HIG,HARTFORD FINANCIAL SERVICES GROUP,Financials,Equity,195637739.78,0.06,195637739.78,2891483,67.66,United States,New York Stock Exchange Inc.,USD,1.0,USD,
309,FANG,DIAMONDBACK ENERGY INC,Energy,Equity,194730633.48,0.06,194730633.48,1466566,132.78,United States,NASDAQ,USD,1.0,USD,
310,ABC,AMERISOURCEBERGEN CORP,Health Care,Equity,194461675.6,0.06,194461675.6,1311980,148.22,United States,New York Stock Exchange Inc.,USD,1.0,USD,
311,DAL,DELTA AIR LINES INC,Industrials,Equity,194085984.6,0.06,194085984.6,5715135,33.96,United States,New York Stock Exchange Inc.,USD,1.0,USD,
312,GPC,GENUINE PARTS,Consumer Discretionary,Equity,193329250.43,0.06,193329250.43,1234463,156.61,United States,New York Stock Exchange Inc.,USD,1.0,USD,
313,PPL,PPL CORP,Utilities,Equity,190589651.19,0.06,190589651.19,6476033,29.43,United States,New York Stock Exchange Inc.,USD,1.0,USD,
314,TSCO,TRACTOR SUPPLY,Consumer Discretionary,Equity,190423731.7,0.06,190423731.7,977033,194.9,United States,NASDAQ,USD,1.0,USD,
315,NTRS,NORTHERN TRUST CORP,Financials,Equity,189247954.0,0.06,189247954.0,1841650,102.76,United States,NASDAQ,USD,1.0,USD,
316,CHD,CHURCH AND DWIGHT INC,Consumer Staples,Equity,188665969.53,0.06,188665969.53,2153967,87.59,United States,New York Stock Exchange Inc.,USD,1.0,USD,
317,NDAQ,NASDAQ INC,Financials,Equity,188152859.88,0.06,188152859.88,1008484,186.57,United States,NASDAQ,USD,1.0,USD,
318,CF,CF INDUSTRIES HOLDINGS INC,Materials,Equity,187925010.91,0.06,187925010.91,1835743,102.37,United States,New York Stock Exchange Inc.,USD,1.0,USD,
319,IR,INGERSOLL RAND INC,Industrials,Equity,187264126.3,0.06,187264126.3,3610955,51.86,United States,New York Stock Exchange Inc.,USD,1.0,USD,
320,MAA,MID AMERICA APARTMENT COMMUNITIES,Real Estate,Equity,186961607.25,0.06,186961607.25,1014717,184.25,United States,New York Stock Exchange Inc.,USD,1.0,USD,
321,RJF,RAYMOND JAMES INC,Financials,Equity,186800770.88,0.06,186800770.88,1738652,107.44,United States,New York Stock Exchange Inc.,USD,1.0,USD,
322,RF,REGIONS FINANCIAL CORP,Financials,Equity,186654664.96,0.06,186654664.96,8244464,22.64,United States,New York Stock Exchange Inc.,USD,1.0,USD,
323,ALGN,ALIGN TECHNOLOGY INC,Health Care,Equity,185193994.36,0.06,185193994.36,644422,287.38,United States,NASDAQ,USD,1.0,USD,
324,STE,STERIS,Health Care,Equity,184011317.49,0.06,184011317.49,875369,210.21,United States,New York Stock Exchange Inc.,USD,1.0,USD,
325,VTR,VENTAS REIT INC,Real Estate,Equity,181558069.0,0.06,181558069.0,3521980,51.55,United States,New York Stock Exchange Inc.,USD,1.0,USD,
326,PKI,PERKINELMER INC,Health Care,Equity,180493461.76,0.06,180493461.76,1121356,160.96,United States,New York Stock Exchange Inc.,USD,1.0,USD,
327,HBAN,HUNTINGTON BANCSHARES INC,Financials,Equity,179953777.08,0.06,179953777.08,12681732,14.19,United States,NASDAQ,USD,1.0,USD,
328,PWR,QUANTA SERVICES INC,Industrials,Equity,179494285.0,0.06,179494285.0,1270756,141.25,United States,New York Stock Exchange Inc.,USD,1.0,USD,
329,ULTA,ULTA BEAUTY INC,Consumer Discretionary,Equity,179264808.54,0.06,179264808.54,459618,390.03,United States,NASDAQ,USD,1.0,USD,
330,CNP,CENTERPOINT ENERGY INC,Utilities,Equity,178919210.45,0.06,178919210.45,5606995,31.91,United States,New York Stock Exchange Inc.,USD,1.0,USD,
331,BR,BROADRIDGE FINANCIAL SOLUTIONS INC,Information Technology,Equity,177755852.78,0.06,177755852.78,1047286,169.73,United States,New York Stock Exchange Inc.,USD,1.0,USD,
332,DOV,DOVER CORP,Industrials,Equity,175110254.56,0.06,175110254.56,1283047,136.48,United States,New York Stock Exchange Inc.,USD,1.0,USD,
333,MOS,MOSAIC,Materials,Equity,174435242.0,0.06,174435242.0,3185450,54.76,United States,New York Stock Exchange Inc.,USD,1.0,USD,
334,CMS,CMS ENERGY CORP,Utilities,Equity,174326048.48,0.06,174326048.48,2538236,68.68,United States,New York Stock Exchange Inc.,USD,1.0,USD,
335,WAT,WATERS CORP,Health Care,Equity,173996702.94,0.06,173996702.94,524687,331.62,United States,New York Stock Exchange Inc.,USD,1.0,USD,
336,CTLT,CATALENT INC,Health Care,Equity,173242792.36,0.06,173242792.36,1575794,109.94,United States,New York Stock Exchange Inc.,USD,1.0,USD,
337,MOH,MOLINA HEALTHCARE INC,Health Care,Equity,171656650.4,0.05,171656650.4,522706,328.4,United States,New York Stock Exchange Inc.,USD,1.0,USD,
338,ESS,ESSEX PROPERTY TRUST REIT INC,Real Estate,Equity,170694913.5,0.05,170694913.5,583074,292.75,United States,New York Stock Exchange Inc.,USD,1.0,USD,
339,TTWO,TAKE TWO INTERACTIVE SOFTWARE INC,Communication,Equity,170147716.75,0.05,170147716.75,1410025,120.67,United States,NASDAQ,USD,1.0,USD,
340,AMCR,AMCOR PLC,Materials,Equity,168500833.71,0.05,168500833.71,13341317,12.63,United States,New York Stock Exchange Inc.,USD,1.0,USD,
341,HPE,HEWLETT PACKARD ENTERPRISE,Information Technology,Equity,168134586.39,0.05,168134586.39,11461117,14.67,United States,New York Stock Exchange Inc.,USD,1.0,USD,
342,CFG,CITIZENS FINANCIAL GROUP INC,Financials,Equity,167858825.2,0.05,167858825.2,4262540,39.38,United States,New York Stock Exchange Inc.,USD,1.0,USD,
343,MTCH,MATCH GROUP INC,Communication,Equity,166859642.52,0.05,166859642.52,2517876,66.27,United States,NASDAQ,USD,1.0,USD,
344,K,KELLOGG,Consumer Staples,Equity,166173507.15,0.05,166173507.15,2204185,75.39,United States,New York Stock Exchange Inc.,USD,1.0,USD,
345,VRSN,VERISIGN INC,Information Technology,Equity,165160251.36,0.05,165160251.36,837187,197.28,United States,NASDAQ,USD,1.0,USD,
346,TDY,TELEDYNE TECHNOLOGIES INC,Information Technology,Equity,163860021.69,0.05,163860021.69,414741,395.09,United States,New York Stock Exchange Inc.,USD,1.0,USD,
347,XYL,XYLEM INC,Industrials,Equity,163516476.76,0.05,163516476.76,1616734,101.14,United States,New York Stock Exchange Inc.,USD,1.0,USD,
348,PAYC,PAYCOM SOFTWARE INC,Information Technology,Equity,163293235.3,0.05,163293235.3,432107,377.9,United States,New York Stock Exchange Inc.,USD,1.0,USD,
349,BALL,BALL CORP,Materials,Equity,161688200.76,0.05,161688200.76,2798342,57.78,United States,New York Stock Exchange Inc.,USD,1.0,USD,
350,PFG,PRINCIPAL FINANCIAL GROUP INC,Financials,Equity,160251102.27,0.05,160251102.27,2068023,77.49,United States,NASDAQ,USD,1.0,USD,
351,HOLX,HOLOGIC INC,Health Care,Equity,159853350.03,0.05,159853350.03,2218029,72.07,United States,NASDAQ,USD,1.0,USD,
352,KEY,KEYCORP,Financials,Equity,159561448.86,0.05,159561448.86,8306166,19.21,United States,New York Stock Exchange Inc.,USD,1.0,USD,
353,SYF,SYNCHRONY FINANCIAL,Financials,Equity,159363396.36,0.05,159363396.36,4413276,36.11,United States,New York Stock Exchange Inc.,USD,1.0,USD,
354,EXPD,EXPEDITORS INTERNATIONAL OF WASHIN,Industrials,Equity,158381049.28,0.05,158381049.28,1468667,107.84,United States,NASDAQ,USD,1.0,USD,
355,CAH,CARDINAL HEALTH INC,Health Care,Equity,157044492.0,0.05,157044492.0,2379462,66.0,United States,New York Stock Exchange Inc.,USD,1.0,USD,
356,CLX,CLOROX,Consumer Staples,Equity,156634032.28,0.05,156634032.28,1083148,144.61,United States,New York Stock Exchange Inc.,USD,1.0,USD,
357,SEDG,SOLAREDGE TECHNOLOGIES INC,Information Technology,Equity,155478544.26,0.05,155478544.26,487363,319.02,United States,NASDAQ,USD,1.0,USD,
358,SWKS,SKYWORKS SOLUTIONS INC,Information Technology,Equity,155380727.25,0.05,155380727.25,1409349,110.25,United States,NASDAQ,USD,1.0,USD,
359,ZBRA,ZEBRA TECHNOLOGIES CORP CLASS A,Information Technology,Equity,155067024.0,0.05,155067024.0,461509,336.0,United States,NASDAQ,USD,1.0,USD,
360,TRMB,TRIMBLE INC,Information Technology,Equity,154506611.76,0.05,154506611.76,2197193,70.32,United States,NASDAQ,USD,1.0,USD,
361,FLT,FLEETCOR TECHNOLOGIES INC,Information Technology,Equity,154343740.48,0.05,154343740.48,680648,226.76,United States,New York Stock Exchange Inc.,USD,1.0,USD,
362,WAB,WESTINGHOUSE AIR BRAKE TECHNOLOGIE,Industrials,Equity,151893819.0,0.05,151893819.0,1607342,94.5,United States,New York Stock Exchange Inc.,USD,1.0,USD,
363,GNRC,GENERAC HOLDINGS INC,Industrials,Equity,150076239.25,0.05,150076239.25,563455,266.35,United States,New York Stock Exchange Inc.,USD,1.0,USD,
364,TYL,TYLER TECHNOLOGIES INC,Information Technology,Equity,149751490.02,0.05,149751490.02,367741,407.22,United States,New York Stock Exchange Inc.,USD,1.0,USD,
365,MRO,MARATHON OIL CORP,Energy,Equity,148926519.39,0.05,148926519.39,6228629,23.91,United States,New York Stock Exchange Inc.,USD,1.0,USD,
366,EXPE,EXPEDIA GROUP INC,Consumer Discretionary,Equity,148641910.35,0.05,148641910.35,1349695,110.13,United States,NASDAQ,USD,1.0,USD,
367,CAG,CONAGRA BRANDS INC,Consumer Staples,Equity,146325951.24,0.05,146325951.24,4248721,34.44,United States,New York Stock Exchange Inc.,USD,1.0,USD,
368,NTAP,NETAPP INC,Information Technology,Equity,146302385.9,0.05,146302385.9,1985107,73.7,United States,NASDAQ,USD,1.0,USD,
369,IEX,IDEX CORP,Industrials,Equity,144594694.26,0.05,144594694.26,675613,214.02,United States,New York Stock Exchange Inc.,USD,1.0,USD,
370,FDS,FACTSET RESEARCH SYSTEMS INC,Financials,Equity,144435600.1,0.05,144435600.1,333454,433.15,United States,New York Stock Exchange Inc.,USD,1.0,USD,
371,J,JACOBS ENGINEERING GROUP INC,Industrials,Equity,144231227.82,0.05,144231227.82,1121462,128.61,United States,New York Stock Exchange Inc.,USD,1.0,USD,
372,DGX,QUEST DIAGNOSTICS INC,Health Care,Equity,144104632.65,0.05,144104632.65,1025145,140.57,United States,New York Stock Exchange Inc.,USD,1.0,USD,
373,AES,AES CORP,Utilities,Equity,143721808.55,0.05,143721808.55,5902333,24.35,United States,New York Stock Exchange Inc.,USD,1.0,USD,
374,COO,COOPER INC,Health Care,Equity,143634067.02,0.05,143634067.02,436923,328.74,United States,New York Stock Exchange Inc.,USD,1.0,USD,
375,BBY,BEST BUY INC,Consumer Discretionary,Equity,143299513.38,0.05,143299513.38,1781889,80.42,United States,New York Stock Exchange Inc.,USD,1.0,USD,
376,IP,INTERNATIONAL PAPER,Materials,Equity,142861584.0,0.05,142861584.0,3261680,43.8,United States,New York Stock Exchange Inc.,USD,1.0,USD,
377,JBHT,JB HUNT TRANSPORT SERVICES INC,Industrials,Equity,142481477.63,0.05,142481477.63,738667,192.89,United States,NASDAQ,USD,1.0,USD,
378,KMX,CARMAX INC,Consumer Discretionary,Equity,142420476.6,0.05,142420476.6,1400398,101.7,United States,New York Stock Exchange Inc.,USD,1.0,USD,
379,AVY,AVERY DENNISON CORP,Materials,Equity,142221922.96,0.05,142221922.96,715546,198.76,United States,New York Stock Exchange Inc.,USD,1.0,USD,
380,DRI,DARDEN RESTAURANTS INC,Consumer Discretionary,Equity,142189151.13,0.05,142189151.13,1091831,130.23,United States,New York Stock Exchange Inc.,USD,1.0,USD,
381,ATO,ATMOS ENERGY CORP,Utilities,Equity,141004373.31,0.04,141004373.31,1223253,115.27,United States,New York Stock Exchange Inc.,USD,1.0,USD,
382,TER,TERADYNE INC,Information Technology,Equity,140841018.0,0.04,140841018.0,1409820,99.9,United States,NASDAQ,USD,1.0,USD,
383,STX,SEAGATE TECHNOLOGY HOLDINGS PLC,Information Technology,Equity,140788742.97,0.04,140788742.97,1707151,82.47,United States,NASDAQ,USD,1.0,USD,
384,EVRG,EVERGY INC,Utilities,Equity,139914113.32,0.04,139914113.32,2017798,69.34,United States,New York Stock Exchange Inc.,USD,1.0,USD,
385,IRM,IRON MOUNTAIN INC,Real Estate,Equity,138889042.23,0.04,138889042.23,2591697,53.59,United States,New York Stock Exchange Inc.,USD,1.0,USD,
386,LNT,ALLIANT ENERGY CORP,Utilities,Equity,138066388.12,0.04,138066388.12,2239883,61.64,United States,NASDAQ,USD,1.0,USD,
387,WDC,WESTERN DIGITAL CORP,Information Technology,Equity,137441786.24,0.04,137441786.24,2801504,49.06,United States,NASDAQ,USD,1.0,USD,
388,PARA,PARAMOUNT GLOBAL CLASS B,Communication,Equity,136418067.6,0.04,136418067.6,5287522,25.8,United States,NASDAQ,USD,1.0,USD,
389,BRO,BROWN & BROWN INC,Financials,Equity,136223482.68,0.04,136223482.68,2047242,66.54,United States,New York Stock Exchange Inc.,USD,1.0,USD,
390,VFC,VF CORP,Consumer Discretionary,Equity,135525070.4,0.04,135525070.4,2873120,47.17,United States,New York Stock Exchange Inc.,USD,1.0,USD,
391,POOL,POOL CORP,Consumer Discretionary,Equity,134931075.89,0.04,134931075.89,359519,375.31,United States,NASDAQ,USD,1.0,USD,
392,GRMN,GARMIN LTD,Consumer Discretionary,Equity,134407879.32,0.04,134407879.32,1362196,98.67,United States,New York Stock Exchange Inc.,USD,1.0,USD,
393,CPT,CAMDEN PROPERTY TRUST REIT,Real Estate,Equity,134371184.64,0.04,134371184.64,937299,143.36,United States,New York Stock Exchange Inc.,USD,1.0,USD,
394,JKHY,JACK HENRY AND ASSOCIATES INC,Information Technology,Equity,133741557.82,0.04,133741557.82,646438,206.89,United States,NASDAQ,USD,1.0,USD,
395,CINF,CINCINNATI FINANCIAL CORP,Financials,Equity,132798289.4,0.04,132798289.4,1292315,102.76,United States,NASDAQ,USD,1.0,USD,
396,PEAK,HEALTHPEAK PROPERTIES INC,Real Estate,Equity,132122052.58,0.04,132122052.58,4754302,27.79,United States,New York Stock Exchange Inc.,USD,1.0,USD,
397,CHRW,CH ROBINSON WORLDWIDE INC,Industrials,Equity,131003146.55,0.04,131003146.55,1115585,117.43,United States,NASDAQ,USD,1.0,USD,
398,AKAM,AKAMAI TECHNOLOGIES INC,Information Technology,Equity,131019068.08,0.04,131019068.08,1398581,93.68,United States,NASDAQ,USD,1.0,USD,
399,SWK,STANLEY BLACK & DECKER INC,Industrials,Equity,130602854.5,0.04,130602854.5,1328615,98.3,United States,New York Stock Exchange Inc.,USD,1.0,USD,
400,ETSY,ETSY INC,Consumer Discretionary,Equity,129964091.68,0.04,129964091.68,1133276,114.68,United States,NASDAQ,USD,1.0,USD,
401,OMC,OMNICOM GROUP INC,Communication,Equity,129591899.82,0.04,129591899.82,1795399,72.18,United States,New York Stock Exchange Inc.,USD,1.0,USD,
402,UDR,UDR REIT INC,Real Estate,Equity,129428924.76,0.04,129428924.76,2631204,49.19,United States,New York Stock Exchange Inc.,USD,1.0,USD,
403,HWM,HOWMET AEROSPACE INC,Industrials,Equity,128868780.63,0.04,128868780.63,3370881,38.23,United States,New York Stock Exchange Inc.,USD,1.0,USD,
404,DPZ,DOMINOS PIZZA INC,Consumer Discretionary,Equity,128188823.61,0.04,128188823.61,317197,404.13,United States,New York Stock Exchange Inc.,USD,1.0,USD,
405,SJM,JM SMUCKER,Consumer Staples,Equity,127636563.78,0.04,127636563.78,962133,132.66,United States,New York Stock Exchange Inc.,USD,1.0,USD,
406,TECH,BIO TECHNE CORP,Health Care,Equity,126968838.57,0.04,126968838.57,339099,374.43,United States,NASDAQ,USD,1.0,USD,
407,TXT,TEXTRON INC,Industrials,Equity,126893446.08,0.04,126893446.08,1892802,67.04,United States,New York Stock Exchange Inc.,USD,1.0,USD,
408,KIM,KIMCO REALTY REIT CORP,Real Estate,Equity,126737844.9,0.04,126737844.9,5546514,22.85,United States,New York Stock Exchange Inc.,USD,1.0,USD,
409,LKQ,LKQ CORP,Consumer Discretionary,Equity,126518024.75,0.04,126518024.75,2289919,55.25,United States,NASDAQ,USD,1.0,USD,
410,NLOK,NORTONLIFELOCK INC,Information Technology,Equity,125633616.55,0.04,125633616.55,5223851,24.05,United States,NASDAQ,USD,1.0,USD,
411,HRL,HORMEL FOODS CORP,Consumer Staples,Equity,124317401.34,0.04,124317401.34,2505894,49.61,United States,New York Stock Exchange Inc.,USD,1.0,USD,
412,BFB,BROWN FORMAN CORP CLASS B,Consumer Staples,Equity,123566198.6,0.04,123566198.6,1638809,75.4,United States,New York Stock Exchange Inc.,USD,1.0,USD,
413,INCY,INCYTE CORP,Health Care,Equity,122905181.6,0.04,122905181.6,1666285,73.76,United States,NASDAQ,USD,1.0,USD,
414,WRB,WR BERKLEY CORP,Financials,Equity,121660856.8,0.04,121660856.8,1864820,65.24,United States,New York Stock Exchange Inc.,USD,1.0,USD,
415,FMC,FMC CORP,Materials,Equity,121355677.91,0.04,121355677.91,1107563,109.57,United States,New York Stock Exchange Inc.,USD,1.0,USD,
416,HST,HOST HOTELS & RESORTS REIT INC,Real Estate,Equity,120369097.92,0.04,120369097.92,6282312,19.16,United States,NASDAQ,USD,1.0,USD,
417,NVR,NVR INC,Consumer Discretionary,Equity,119462963.13,0.04,119462963.13,27223,4388.31,United States,New York Stock Exchange Inc.,USD,1.0,USD,
418,LDOS,LEIDOS HOLDINGS INC,Industrials,Equity,118053007.44,0.04,118053007.44,1202659,98.16,United States,New York Stock Exchange Inc.,USD,1.0,USD,
419,LYV,LIVE NATION ENTERTAINMENT INC,Communication,Equity,117750480.14,0.04,117750480.14,1221098,96.43,United States,New York Stock Exchange Inc.,USD,1.0,USD,
420,VTRS,VIATRIS INC,Health Care,Equity,117701610.08,0.04,117701610.08,10739198,10.96,United States,NASDAQ,USD,1.0,USD,
421,ABMD,ABIOMED INC,Health Care,Equity,117672748.03,0.04,117672748.03,404471,290.93,United States,NASDAQ,USD,1.0,USD,
422,PTC,PTC INC,Information Technology,Equity,117012395.4,0.04,117012395.4,943268,124.05,United States,NASDAQ,USD,1.0,USD,
423,LVS,LAS VEGAS SANDS CORP,Consumer Discretionary,Equity,116858787.25,0.04,116858787.25,3100525,37.69,United States,New York Stock Exchange Inc.,USD,1.0,USD,
424,CTXS,CITRIX SYSTEMS INC,Information Technology,Equity,114837946.65,0.04,114837946.65,1120917,102.45,United States,NASDAQ,USD,1.0,USD,
425,PKG,PACKAGING CORP OF AMERICA,Materials,Equity,114647250.04,0.04,114647250.04,807034,142.06,United States,New York Stock Exchange Inc.,USD,1.0,USD,
426,EMN,EASTMAN CHEMICAL,Materials,Equity,114612209.64,0.04,114612209.64,1155598,99.18,United States,New York Stock Exchange Inc.,USD,1.0,USD,
427,SBNY,SIGNATURE BANK,Financials,Equity,114102271.7,0.04,114102271.7,564695,202.06,United States,NASDAQ,USD,1.0,USD,
428,BXP,BOSTON PROPERTIES REIT INC,Real Estate,Equity,113481624.24,0.04,113481624.24,1264842,89.72,United States,New York Stock Exchange Inc.,USD,1.0,USD,
429,NDSN,NORDSON CORP,Industrials,Equity,112959801.0,0.04,112959801.0,473626,238.5,United States,NASDAQ,USD,1.0,USD,
430,MAS,MASCO CORP,Industrials,Equity,112639567.68,0.04,112639567.68,2056968,54.76,United States,New York Stock Exchange Inc.,USD,1.0,USD,
431,UAL,UNITED AIRLINES HOLDINGS INC,Industrials,Equity,112594162.89,0.04,112594162.89,2911667,38.67,United States,NASDAQ,USD,1.0,USD,
432,CBOE,CBOE GLOBAL MARKETS INC,Financials,Equity,111185432.5,0.04,111185432.5,946259,117.5,United States,Cboe BZX formerly known as BATS,USD,1.0,USD,
433,CE,CELANESE CORP,Materials,Equity,109254702.96,0.03,109254702.96,940068,116.22,United States,New York Stock Exchange Inc.,USD,1.0,USD,
434,MGM,MGM RESORTS INTERNATIONAL,Consumer Discretionary,Equity,108645924.52,0.03,108645924.52,3112172,34.91,United States,New York Stock Exchange Inc.,USD,1.0,USD,
435,NI,NISOURCE INC,Utilities,Equity,108623705.58,0.03,108623705.58,3570799,30.42,United States,New York Stock Exchange Inc.,USD,1.0,USD,
436,IPG,INTERPUBLIC GROUP OF COMPANIES INC,Communication,Equity,106481471.8,0.03,106481471.8,3506140,30.37,United States,New York Stock Exchange Inc.,USD,1.0,USD,
437,TFX,TELEFLEX INC,Health Care,Equity,105844495.88,0.03,105844495.88,416924,253.87,United States,New York Stock Exchange Inc.,USD,1.0,USD,
438,QRVO,QORVO INC,Information Technology,Equity,105669969.12,0.03,105669969.12,971946,108.72,United States,NASDAQ,USD,1.0,USD,
439,AAP,ADVANCE AUTO PARTS INC,Consumer Discretionary,Equity,105431756.16,0.03,105431756.16,534048,197.42,United States,New York Stock Exchange Inc.,USD,1.0,USD,
440,SNA,SNAP ON INC,Industrials,Equity,105255854.7,0.03,105255854.7,460155,228.74,United States,New York Stock Exchange Inc.,USD,1.0,USD,
441,BIO,BIO RAD LABORATORIES INC CLASS A,Health Care,Equity,104540916.48,0.03,104540916.48,190379,549.12,United States,New York Stock Exchange Inc.,USD,1.0,USD,
442,LW,LAMB WESTON HOLDINGS INC,Consumer Staples,Equity,104054293.98,0.03,104054293.98,1295658,80.31,United States,New York Stock Exchange Inc.,USD,1.0,USD,
443,APA,APA CORP,Energy,Equity,103708541.56,0.03,103708541.56,2976709,34.84,United States,NASDAQ,USD,1.0,USD,
444,FOXA,FOX CORP CLASS A,Communication,Equity,102370959.39,0.03,102370959.39,2810073,36.43,United States,NASDAQ,USD,1.0,USD,
445,CRL,CHARLES RIVER LABORATORIES INTERNA,Health Care,Equity,101254057.59,0.03,101254057.59,447097,226.47,United States,New York Stock Exchange Inc.,USD,1.0,USD,
446,CMA,COMERICA INC,Financials,Equity,99672799.58,0.03,99672799.58,1182218,84.31,United States,New York Stock Exchange Inc.,USD,1.0,USD,
447,RE,EVEREST RE GROUP LTD,Financials,Equity,96333004.48,0.03,96333004.48,355184,271.22,United States,New York Stock Exchange Inc.,USD,1.0,USD,
448,L,LOEWS CORP,Financials,Equity,96301817.73,0.03,96301817.73,1674523,57.51,United States,New York Stock Exchange Inc.,USD,1.0,USD,
449,TAP,MOLSON COORS BREWING CLASS B,Consumer Staples,Equity,93980363.4,0.03,93980363.4,1657502,56.7,United States,New York Stock Exchange Inc.,USD,1.0,USD,
450,WRK,WESTROCK,Materials,Equity,93461691.93,0.03,93461691.93,2226869,41.97,United States,New York Stock Exchange Inc.,USD,1.0,USD,
451,HSIC,HENRY SCHEIN INC,Health Care,Equity,93213879.36,0.03,93213879.36,1214988,76.72,United States,NASDAQ,USD,1.0,USD,
452,LUMN,LUMEN TECHNOLOGIES INC,Communication,Equity,92896392.25,0.03,92896392.25,8331515,11.15,United States,New York Stock Exchange Inc.,USD,1.0,USD,
453,HAS,HASBRO INC,Consumer Discretionary,Equity,92838452.0,0.03,92838452.0,1180550,78.64,United States,NASDAQ,USD,1.0,USD,
454,PHM,PULTEGROUP INC,Consumer Discretionary,Equity,91252555.71,0.03,91252555.71,2061273,44.27,United States,New York Stock Exchange Inc.,USD,1.0,USD,
455,CZR,CAESARS ENTERTAINMENT INC,Consumer Discretionary,Equity,90828073.22,0.03,90828073.22,1841234,49.33,United States,NASDAQ,USD,1.0,USD,
456,REG,REGENCY CENTERS REIT CORP,Real Estate,Equity,90716719.0,0.03,90716719.0,1389230,65.3,United States,NASDAQ,USD,1.0,USD,
457,CCL,CARNIVAL CORP,Consumer Discretionary,Equity,90680331.38,0.03,90680331.38,8603447,10.54,United States,New York Stock Exchange Inc.,USD,1.0,USD,
458,MKTX,MARKETAXESS HOLDINGS INC,Financials,Equity,90476764.49,0.03,90476764.49,340151,265.99,United States,NASDAQ,USD,1.0,USD,
459,FFIV,F5 INC,Information Technology,Equity,88348090.88,0.03,88348090.88,518962,170.24,United States,NASDAQ,USD,1.0,USD,
460,AAL,AMERICAN AIRLINES GROUP INC,Industrials,Equity,87902214.43,0.03,87902214.43,5864057,14.99,United States,NASDAQ,USD,1.0,USD,
461,NLSN,NIELSEN HOLDINGS PLC,Industrials,Equity,86999206.5,0.03,86999206.5,3169370,27.45,United States,New York Stock Exchange Inc.,USD,1.0,USD,
462,CPB,CAMPBELL SOUP,Consumer Staples,Equity,86678240.5,0.03,86678240.5,1730450,50.09,United States,New York Stock Exchange Inc.,USD,1.0,USD,
463,RCL,ROYAL CARIBBEAN GROUP LTD,Consumer Discretionary,Equity,85096075.4,0.03,85096075.4,2039695,41.72,United States,New York Stock Exchange Inc.,USD,1.0,USD,
464,JNPR,JUNIPER NETWORKS INC,Information Technology,Equity,83059318.5,0.03,83059318.5,2890025,28.74,United States,New York Stock Exchange Inc.,USD,1.0,USD,
465,BBWI,BATH AND BODY WORKS INC,Consumer Discretionary,Equity,82362758.76,0.03,82362758.76,2098949,39.24,United States,New York Stock Exchange Inc.,USD,1.0,USD,
466,CDAY,CERIDIAN HCM HOLDING INC,Information Technology,Equity,82291678.0,0.03,82291678.0,1228234,67.0,United States,New York Stock Exchange Inc.,USD,1.0,USD,
467,NRG,NRG ENERGY INC,Utilities,Equity,82061660.46,0.03,82061660.46,2029722,40.43,United States,New York Stock Exchange Inc.,USD,1.0,USD,
468,WHR,WHIRLPOOL CORP,Consumer Discretionary,Equity,81696891.32,0.03,81696891.32,489907,166.76,United States,New York Stock Exchange Inc.,USD,1.0,USD,
469,HII,HUNTINGTON INGALLS INDUSTRIES INC,Industrials,Equity,81392039.46,0.03,81392039.46,358019,227.34,United States,New York Stock Exchange Inc.,USD,1.0,USD,
470,BWA,BORGWARNER INC,Consumer Discretionary,Equity,81339351.75,0.03,81339351.75,2046273,39.75,United States,New York Stock Exchange Inc.,USD,1.0,USD,
471,RHI,ROBERT HALF,Industrials,Equity,80021000.56,0.03,80021000.56,985966,81.16,United States,New York Stock Exchange Inc.,USD,1.0,USD,
472,ALLE,ALLEGION PLC,Industrials,Equity,79461162.69,0.03,79461162.69,772743,102.83,United States,New York Stock Exchange Inc.,USD,1.0,USD,
473,FBHS,FORTUNE BRANDS HOME AND SECURITY I,Industrials,Equity,79452494.1,0.03,79452494.1,1150485,69.06,United States,New York Stock Exchange Inc.,USD,1.0,USD,
474,GL,GLOBE LIFE INC,Financials,Equity,79307198.85,0.03,79307198.85,780967,101.55,United States,New York Stock Exchange Inc.,USD,1.0,USD,
475,TPR,TAPESTRY INC,Consumer Discretionary,Equity,76940960.5,0.02,76940960.5,2167351,35.5,United States,New York Stock Exchange Inc.,USD,1.0,USD,
476,AIZ,ASSURANT INC,Financials,Equity,75047071.68,0.02,75047071.68,459172,163.44,United States,New York Stock Exchange Inc.,USD,1.0,USD,
477,AOS,A O SMITH CORP,Industrials,Equity,74182050.28,0.02,74182050.28,1188434,62.42,United States,New York Stock Exchange Inc.,USD,1.0,USD,
478,ROL,ROLLINS INC,Industrials,Equity,74094315.45,0.02,74094315.45,2021673,36.65,United States,New York Stock Exchange Inc.,USD,1.0,USD,
479,ZION,ZIONS BANCORPORATION,Financials,Equity,73993277.75,0.02,73993277.75,1292459,57.25,United States,NASDAQ,USD,1.0,USD,
480,PNW,PINNACLE WEST CORP,Utilities,Equity,72442174.8,0.02,72442174.8,956964,75.7,United States,New York Stock Exchange Inc.,USD,1.0,USD,
481,SEE,SEALED AIR CORP,Materials,Equity,71576652.0,0.02,71576652.0,1246980,57.4,United States,New York Stock Exchange Inc.,USD,1.0,USD,
482,BEN,FRANKLIN RESOURCES INC,Financials,Equity,70882819.23,0.02,70882819.23,2472369,28.67,United States,New York Stock Exchange Inc.,USD,1.0,USD,
483,OGN,ORGANON,Health Care,Equity,70490031.78,0.02,70490031.78,2224362,31.69,United States,New York Stock Exchange Inc.,USD,1.0,USD,
484,PNR,PENTAIR,Industrials,Equity,70145817.9,0.02,70145817.9,1412806,49.65,United States,New York Stock Exchange Inc.,USD,1.0,USD,
485,LNC,LINCOLN NATIONAL CORP,Financials,Equity,69188637.26,0.02,69188637.26,1379909,50.14,United States,New York Stock Exchange Inc.,USD,1.0,USD,
486,FRT,FEDERAL REALTY INVESTMENT TRUST RE,Real Estate,Equity,68947901.75,0.02,68947901.75,627655,109.85,United States,New York Stock Exchange Inc.,USD,1.0,USD,
487,XRAY,DENTSPLY SIRONA INC,Health Care,Equity,68256200.25,0.02,68256200.25,1836325,37.17,United States,NASDAQ,USD,1.0,USD,
488,NWSA,NEWS CORP CLASS A,Communication,Equity,66049195.06,0.02,66049195.06,3537718,18.67,United States,NASDAQ,USD,1.0,USD,
489,UHS,UNIVERSAL HEALTH SERVICES INC CLAS,Health Care,Equity,65809212.0,0.02,65809212.0,590800,111.39,United States,New York Stock Exchange Inc.,USD,1.0,USD,
490,NWL,NEWELL BRANDS INC,Consumer Discretionary,Equity,64890105.5,0.02,64890105.5,3127234,20.75,United States,NASDAQ,USD,1.0,USD,
491,WYNN,WYNN RESORTS LTD,Consumer Discretionary,Equity,63838176.47,0.02,63838176.47,944771,67.57,United States,NASDAQ,USD,1.0,USD,
492,DXC,DXC TECHNOLOGY,Information Technology,Equity,58111423.2,0.02,58111423.2,2208720,26.31,United States,New York Stock Exchange Inc.,USD,1.0,USD,
493,MHK,MOHAWK INDUSTRIES INC,Consumer Discretionary,Equity,57135018.27,0.02,57135018.27,453057,126.11,United States,New York Stock Exchange Inc.,USD,1.0,USD,
494,ALK,ALASKA AIR GROUP INC,Industrials,Equity,53264865.33,0.02,53264865.33,1152171,46.23,United States,New York Stock Exchange Inc.,USD,1.0,USD,
495,IVZ,INVESCO LTD,Financials,Equity,52091081.93,0.02,52091081.93,2817257,18.49,United States,New York Stock Exchange Inc.,USD,1.0,USD,
496,PENN,PENN ENTERTAINMENT INC,Consumer Discretionary,Equity,51044134.4,0.02,51044134.4,1433824,35.6,United States,NASDAQ,USD,1.0,USD,
497,NCLH,NORWEGIAN CRUISE LINE HOLDINGS LTD,Consumer Discretionary,Equity,50470441.6,0.02,50470441.6,3667910,13.76,United States,New York Stock Exchange Inc.,USD,1.0,USD,
498,DVA,DAVITA INC,Health Care,Equity,46605937.86,0.01,46605937.86,508854,91.59,United States,New York Stock Exchange Inc.,USD,1.0,USD,
499,DISH,DISH NETWORK CORP CLASS A,Communication,Equity,45377440.42,0.01,45377440.42,2342666,19.37,United States,NASDAQ,USD,1.0,USD,
500,VNO,VORNADO REALTY TRUST REIT,Real Estate,Equity,44438760.81,0.01,44438760.81,1456531,30.51,United States,New York Stock Exchange Inc.,USD,1.0,USD,
501,UBFUT,CASH COLLATERAL USD UBFUT,Cash and/or Derivatives,Cash Collateral and Margins,43641800.0,0.01,43641800.0,43641800,100.0,United States,-,USD,1.0,USD,2015-10-01
502,PVH,PVH CORP,Consumer Discretionary,Equity,40866091.11,0.01,40866091.11,594243,68.77,United States,New York Stock Exchange Inc.,USD,1.0,USD,
503,FOX,FOX CORP CLASS B,Communication,Equity,40545725.22,0.01,40545725.22,1204567,33.66,United States,NASDAQ,USD,1.0,USD,
504,RL,RALPH LAUREN CORP CLASS A,Consumer Discretionary,Equity,40359186.0,0.01,40359186.0,407175,99.12,United States,New York Stock Exchange Inc.,USD,1.0,USD,
505,NWS,NEWS CORP CLASS B,Communication,Equity,17552505.6,0.01,17552505.6,928704,18.9,United States,NASDAQ,USD,1.0,USD,
506,ESU2,S&P500 EMINI SEP 22,Cash and/or Derivatives,Futures,0.0,0.0,952245450.0,4524,4209.75,-,Index And Options Market,USD,1.0,USD,
