service_request_id,service_request_parent_id,sap_notification_number,date_requested,case_age_days,service_name,case_record_type,date_closed,status,lat,lng,street_address,zipcode,council_district,comm_plan_code,comm_plan_name,park_name,case_origin,referred,public_description,iamfloc,floc
2837767,,,2020-01-01T00:00:00,1,Parking Zone Violation,Parking,2020-01-01T00:00:00,Closed,32.75025,-117.24394,"4843 Voltaire St, San Diego, CA 92107, USA",92107,2,23,Ocean Beach,,Web,,Large white converted schools bus. People living ...habitating in the bus next to my property we have reported this Bus many times.,SS-028127,SS-028127
2837768,,,2020-01-01T00:04:00,1,Parking Zone Violation,Parking,2020-01-01T00:00:00,Closed,32.75358,-117.24996,"5180 W Point Loma Blvd, San Diego, CA 92107, USA",92107,2,23,Ocean Beach,,Web,,"Tan Chevy RV, parked in dog beach parking lot daily. Two people and. Dog living in the RV in violation of the vehicle habitation ordianance less than 150 feet from our building . We have nothing reported this vehicle here on the app and also by ohine several times but nothing has been done.",SS-028516,SS-028516
2837769,,,2020-01-01T00:06:00,1,Citizen Contact,Parking,2020-01-02T00:00:00,Closed,32.97303,-117.08151,"11605 Windcrest Ln, San Diego, Ca 92128, Usa",92128,5,3,Carmel Mountain Ranch,,Mobile,,Fireworks being set off next to dried out golf course,SS-028900,SS-028900
2837770,,40300225172,2020-01-01T00:12:00,16,Traffic Signal Light Out,TSW,2020-01-16T00:00:00,Closed,32.92025323,-117.1700493,,,6,15,Mira Mesa,,Mobile,,Yellow light out on traffic light facing west on Calle Cristobal,SG-200735,SX-002477-008
2837771,2837769,,2020-01-01T00:14:00,1,Citizen Contact,Parking,2020-01-02T00:00:00,Closed,32.97547,-117.08186,"11594 Windcrest Ln, San Diego, Ca 92128, Usa",92128,5,3,Carmel Mountain Ranch,,Mobile,,Fireworks set off land left at int. Windcrest/Seabridge. Near dry brush golf course,SS-028900,SS-028900
2837772,,,2020-01-01T00:18:00,1,Parking Zone Violation,Parking,2020-01-01T00:00:00,Closed,32.69874,-117.07879,"5445 Olvera Ave, San Diego, CA 92114, USA",92114,4,11,Encanto Neighborhoods,,Web,,SHOTS AND FIREWORKS IN BACK OF MY HOUSE AND ITS DANGEROUS,SS-020534,SS-020534
2837773,,,2020-01-01T00:30:00,3,Illegal Dumping,ESD Complaint/Report,2020-01-03T00:00:00,Closed,32.75125504,-117.0949478,"4629 Polk Ave, San Diego, CA 92105",92105,9,56,Mid-City:City Heights,,Mobile,,Illegal dumping of mattress and box spring in alley.,,
2837774,,40300225107,2020-01-01T00:36:00,340,Street Light Knock Over/Damage,TSW,,In Process,32.71728427,-117.1405518,,,3,8,Greater Golden Hill,,Mobile,,Street light globe is loose. Looks like it could fall off and hit someone.,PL-305321,SS-000519-005
2837775,,,2020-01-01T01:19:00,1,Graffiti Removal - Code Enforcement,TSW,2020-01-02T00:00:00,Referred,32.67968762,-117.0660048,,,4,44,Skyline-Paradise Hills,,Mobile,This report has been referred to Graffiti ? ATT Telephone Booths / Cable Box at graffiti@att.com,PH gang graffiti on utility box in front of paradise hills elementary school,SS-002150,SS-002150
2837776,,,2020-01-01T01:23:00,6,Graffiti Removal,TSW,2020-01-07T00:00:00,Closed,32.68430745,-117.0508867,,,4,44,Skyline-Paradise Hills,,Mobile,,PH gang graffiti on street sign,SS-002235,SS-002235
2837777,,,2020-01-01T01:25:00,1,Graffiti Removal - Code Enforcement,TSW,2020-01-02T00:00:00,Referred,32.68312112,-117.0493576,,,4,44,Skyline-Paradise Hills,,Mobile,This report has been referred to Graffiti ? ATT Telephone Booths / Cable Box at graffiti@att.com,PH gang graffiti on utility box,SS-002239,SS-002239
2837778,,,2020-01-01T01:27:00,6,Graffiti Removal,TSW,2020-01-07T00:00:00,Closed,32.68156229,-117.0471665,,,4,44,Skyline-Paradise Hills,,Mobile,,PH gang graffiti to back of stop sign,SS-002240,SS-002240
2837779,,,2020-01-01T01:33:00,1,Graffiti Removal - Code Enforcement,TSW,2020-01-02T00:00:00,Referred,32.68375881,-117.0383954,,,4,44,Skyline-Paradise Hills,,Mobile,This report has been referred to Graffiti ? SDGE Poles and Boxes at aesgraffitihotline4sdge@yahoo.com,PH gang graffiti on utility box on the Corner of Alsacia and Barney street,SS-002223,SS-002223
2837780,,40300225144,2020-01-01T02:12:00,9,Traffic Sign - Maintain,TSW,2020-01-10T00:00:00,Closed,32.73872186,-117.1603649,,,3,42,Uptown,,Phone,,"SPRUCE ST & 5TH AVEPER PD STOP SIGN KO?D , LAYING ON SIDEWALK",SS-000158,SS-000158
2837781,,,2020-01-01T03:19:00,20,72 Hour Violation,Parking,2020-01-21T00:00:00,Closed,32.74702,-117.08688,"3785 50th St, San Diego, CA 92105, USA",92105,9,56,Mid-City:City Heights,,Web,,Car has been parked in front of my house for over a month and usps is not delivering mail because it is blocking mailbox.,SS-001193,SS-001193
2837782,,,2020-01-01T03:36:00,1,Citizen Contact,Parking,2020-01-02T00:00:00,Closed,32.6881147,-117.1117528,3839 Acacia St,92113,8,37,Southeastern San Diego,,Mobile,,A very loud party still going on at 3:30am!!! Reporting this even though the SD Police gave not demonstrated any immediate help with this type of problem.,SS-001640,SS-001640
2837783,,40300225108,2020-01-01T04:39:00,15,Traffic Signal Head Turned,TSW,2020-01-16T00:00:00,Closed,32.71258174,-117.1610299,,,3,4,Downtown,,Mobile,,Traffic signal hit and visor hanging,SG-201800,SX-014087-001
2837784,,40300225173,2020-01-01T06:28:00,27,Paint Curb - Maintain,TSW,2020-01-28T00:00:00,Closed,32.75722588,-117.1301343,,,3,28,North Park,,Mobile,,Paint in front of the fire hydrant has faded and worn away,SS-000690,SS-000690
2837785,,,2020-01-01T06:33:00,1,Parking Zone Violation,Parking,2020-01-02T00:00:00,Closed,32.75722369,-117.1274309,3111 Meade Ave,92104,3,28,North Park,,Mobile,,Vehicle is parked on sidewalk blocking sidewalk access to pedestrians and wheelchairs,SS-017909,SS-017909
2837786,,40300225174,2020-01-01T06:34:00,340,Free Tree Planting Request,TSW,,In Process,32.75713241,-117.127344,,,3,28,North Park,,Mobile,,Three missing trees,TR-RW,SS-017909
2837787,,40300225168,2020-01-01T06:35:00,187,Street Light on During Day,TSW,2020-07-06T00:00:00,Closed,32.71164305,-117.1205393,,,8,37,Southeastern San Diego,,Mobile,,Traffic light out on Market and 32nd.,PL-317924,SS-017616-007
2837788,2837502,,2020-01-01T06:36:00,27,Paint Curb - Maintain,TSW,2020-01-28T00:00:00,Closed,32.75741496,-117.1266141,,,3,28,North Park,,Mobile,,Paint in front of fire hydrant has worn and faded away,SS-017909,SS-017909
2837789,2837502,,2020-01-01T06:38:00,27,Paint Curb - Maintain,TSW,2020-01-28T00:00:00,Closed,32.75746398,-117.1272315,,,3,28,North Park,,Mobile,,"Paint on curb next to alley has faded and worn away, people are parking here blocking few coming out of alley making it a dangerous situation.",SS-017909,SS-017909
2837790,2837502,,2020-01-01T06:40:00,27,Paint Curb - Maintain,TSW,2020-01-28T00:00:00,Closed,32.75740087,-117.1276107,,,3,28,North Park,,Mobile,,Paint on the corner of Meade Avenue and Illinois Street is all faded away at all four corners.,SS-017909,SS-017909
2837791,,,2020-01-01T06:43:00,65,Graffiti Removal,TSW,2020-03-06T00:00:00,Closed,32.71815972,-117.1549038,,,3,4,Downtown,,Mobile,,,SS-000331,SS-000331
2837792,,,2020-01-01T06:45:00,2,Illegal Dumping,ESD Complaint/Report,2020-01-03T00:00:00,Closed,32.73689667,-117.086875,"5055 Quince St, San Diego, CA 92105",92105,4,57,Mid-City:Eastern Area,,Mobile,,Large screen TV about 10+ Feet to the right of the yellow sign and white fence. 5-10 feet down the embankment along Chollas Creek. It is in the bushes.,,
2837793,,40300225190,2020-01-01T06:45:00,56,Paint Curb - Maintain,TSW,2020-02-26T00:00:00,Closed,32.7585409,-117.1287263,,,3,28,North Park,,Mobile,,Paint in front of fire hydrant has faded and worn away,SS-020379,SS-020379
2837794,,,2020-01-01T06:50:00,36,Commercial Dumpster Condition,ESD Complaint/Report,2020-02-06T00:00:00,Closed,32.71633088,-117.1593597,525 C St,92101,3,4,Downtown,,Mobile,,Business trashcans regularly are left from the night before to late the next morning creating an issue with trash all over the area in some occasions creating a trip hazard due to the high amount of bags or trash also left on the sidewalk or taken out of the cans by transients. The cans belong to  building 1041 suite #201Can number is T92-199864,SS-000222,SS-000222
2837795,,40300225169,2020-01-01T06:54:00,65,Paint Curb - Maintain,TSW,2020-03-06T00:00:00,Closed,32.76096823,-117.1312291,,,3,28,North Park,,Mobile,,Paint in front of fire hydrant has worn and faded away.,SS-017150,SS-017150
2837796,,,2020-01-01T06:56:00,1,Parking Zone Violation,Parking,2020-01-02T00:00:00,Closed,32.76001451,-117.1316496,4542 Kansas St,92116,3,28,North Park,,Mobile,,Vehicle is parked on sidewalk blocking sidewalk access to pedestrians and wheelchairs,SS-014909,SS-014909
2837797,,,2020-01-01T07:23:00,5,Illegal Dumping,ESD Complaint/Report,2020-01-06T00:00:00,Closed,32.71056047,-117.1601874,"500 5th Ave, San Diego, CA 92101",92101,3,4,Downtown,,Mobile,,"Illegal dumping from Gaslamp pizza on 5 th and Island northwest corner, businesses address 505 5 th Ave , business dumped bags across the street near 500 5 th Ave",,
2837798,,,2020-01-01T07:36:00,1,Graffiti Removal,TSW,2020-01-02T00:00:00,Referred,32.73364327,-117.1603101,,,3,42,Uptown,,Mobile,This report has been referred to Graffiti ? US Postal Services at sandiego.capa@usps.gov,Mail box has graffiti.,SS-000163,SS-000163
2837800,,,2020-01-01T07:44:00,1,Graffiti Removal,TSW,2020-01-02T00:00:00,Referred,32.76308833,-117.2497467,,,2,18,Mission Beach,,Mobile,This report has been referred to Park and Recreation at askparks@sandiego.gov,,SS-004886,SS-004886
2837801,,,2020-01-01T07:45:00,1,Graffiti Removal - Code Enforcement,TSW,2020-01-02T00:00:00,Referred,32.76358833,-117.249895,,,2,17,Mission Bay Park,,Mobile,This report has been referred to Graffiti ? SDGE Poles and Boxes at aesgraffitihotline4sdge@yahoo.com,,SS-006218,SS-006218
2837802,,,2020-01-01T07:46:00,1,Graffiti Removal,TSW,2020-01-02T00:00:00,Referred,32.76306667,-117.2497167,,,2,18,Mission Beach,,Mobile,This report has been referred to Park and Recreation at askparks@sandiego.gov,,SS-004886,SS-004886
2837803,,,2020-01-01T07:47:00,1,Graffiti Removal,TSW,2020-01-02T00:00:00,Closed,32.762975,-117.2500217,,,2,18,Mission Beach,,Mobile,,,SS-003762,SS-003762
2837804,2837522,,2020-01-01T07:57:00,8,Pothole,TSW,2020-01-09T00:00:00,Closed,32.8269601,-117.150514,,,6,50,Kearny Mesa,,Web,,"Vickers between Mercury  and Convoy is in some locations almost not passable without risking damage to your tires and rims, the street was under construction for water line work for months and completed destroyed, but then left unaddressed, please it is ridiculous, there's perhaps 100 potholes of consequence in this one single stretch of street!",SS-027945-PV1,SS-027945-PV1
2837805,2830753,,2020-01-01T07:59:00,5,72 Hour Violation,Parking,2020-01-06T00:00:00,Closed,32.69892,-117.11618,"749 Olivewood Terrace, San Diego, Ca 92113, Usa",92113,9,37,Southeastern San Diego,,Mobile,,Honda pilot abandon,SS-011224,SS-011224
2837806,,,2020-01-01T08:00:00,6,Graffiti Removal - Code Enforcement,TSW,2020-01-07T00:00:00,Closed,32.73252033,-117.1295809,,,3,28,North Park,,Web,,"2994 Maple Court (on 30th St side of corner) - tags on utility boxes, trash can, sidewalk near southwest end of Switzer Canyon bridge;  3005 Olive (30th Street side of corner); large tag on sloped retaining wall next to 30th St sidewalk; blue garbage can on west side of 30th near 2836 30th Street",SS-000670,SS-000670
2837807,,40300225181,2020-01-01T08:02:00,7,Pothole,TSW,2020-01-08T00:00:00,Closed,32.830567,-117.2038329,,,6,6,Clairemont Mesa,,Mobile,,"Any street you drive on both residential, or arterial are covered in potholes. So much for the Mayors bold statements",SS-007250-PV1,SS-007250-PV1
2837808,,,2020-01-01T08:02:00,5,Illegal Dumping,ESD Complaint/Report,2020-01-06T00:00:00,Closed,32.80154487,-117.1134951,"3141 Murphy Cyn Rd, San Diego, CA 92123",92123,7,50,Kearny Mesa,,Mobile,,,,
2837809,2830674,,2020-01-01T08:03:00,27,72 Hour Violation,Parking,2020-01-28T00:00:00,Closed,32.69794,-117.11607,"3628 Florence St, San Diego, Ca 92113, Usa",92113,9,37,Southeastern San Diego,,Mobile,,Green olive Jeep Cherokee abandoned for over a month spare tire on the roof,SS-011224,SS-011224
2837810,,,2020-01-01T08:04:00,1,Graffiti Removal - Code Enforcement,TSW,2020-01-02T00:00:00,Referred,32.79950919,-117.1133181,,,7,50,Kearny Mesa,,Mobile,This report has been referred to Graffiti ? SDGE Poles and Boxes at aesgraffitihotline4sdge@yahoo.com,,SS-019508,SS-019508
2837811,,40300225182,2020-01-01T08:06:00,49,Evaluate for Resurfacing,TSW,2020-02-19T00:00:00,Closed,32.752905,-117.22818,,,2,30,Peninsula,,Mobile,,We ran a call here for elderly man that tripped on the very rough pavement. Please even out the pavement on this entire street. A lot of elderly live here.Thank you & Happy New Year !,SS-023712-PV1,SS-023712-PV1
2837812,2836994,,2020-01-01T08:11:00,5,72 Hour Violation,Parking,2020-01-06T00:00:00,Closed,32.69794,-117.11607,"3628 Florence St, San Diego, Ca 92113, Usa",92113,9,37,Southeastern San Diego,,Mobile,,Dark gray Honda Accord passenger side wreck abandoned for over a month,SS-011224,SS-011224
2837813,,,2020-01-01T08:12:00,1,Graffiti Removal,TSW,2020-01-02T00:00:00,Referred,32.8299133,-117.2805828,,,1,10,La Jolla,WINDANSEA NP,Mobile,This report has been referred to Park and Recreation at askparks@sandiego.gov,,SS-019762,SS-019762
2837814,,,2020-01-01T08:18:00,0,Traffic Signal Head Turned,TSW,2020-01-01T00:00:00,Closed,32.75678667,-117.1949167,,,3,24,Old Town San Diego,PRESIDIO PARK,Mobile,,Signal is falling,,
2837815,,40300225145,2020-01-01T08:18:00,1,Guardrails/Barrier Metal/Wooden,TSW,2020-01-02T00:00:00,Closed,32.75689667,-117.1949467,,,3,24,Old Town San Diego,PRESIDIO PARK,Mobile,,Guard rail in Presidio Park is broken,SS-014442,SS-014442
2837816,,,2020-01-01T08:38:00,7,72 Hour Violation,Parking,2020-01-08T00:00:00,Closed,32.759845,-117.0829388,4554 Contour Blvd,92115,9,58,Mid-City:Kensington-Talmadge,,Mobile,,72 hour violation.  Car has not moved in a week,SS-007847,SS-007847
2837817,,,2020-01-01T08:40:00,14,72 Hour Violation,Parking,2020-01-15T00:00:00,Closed,32.74843333,-117.2262117,2690 Worden St,92110,2,30,Peninsula,,Mobile,,,SS-022091,SS-022091
2837818,2829191,,2020-01-01T08:42:00,29,Pothole,TSW,2020-01-30T00:00:00,Closed,33.0000646,-117.0670243,,,5,31,Rancho Bernardo,,Mobile,,These potholes continue to appear every few weeks.,SS-008404-PV1,SS-008404-PV1
2837819,,,2020-01-01T08:45:00,0,Other,TSW,2020-01-01T00:00:00,Referred,32.77864364,-117.2524332,,,2,18,Mission Beach,,Mobile,This report has been referred to SMD at sd@sweepcrew.com,Scooter blocking the sidewalk.,SS-018876,SS-018876
2837820,,,2020-01-01T08:47:00,0,Other,TSW,2020-01-01T00:00:00,Referred,32.77785705,-117.2524429,,,2,18,Mission Beach,,Mobile,This report has been referred to SMD at sd@sweepcrew.com,Scooter blocking the sidewalk.,SS-017335,SS-017335
2837821,,,2020-01-01T08:47:00,7,Graffiti Removal,TSW,2020-01-08T00:00:00,Closed,32.748198,-117.139865,,,3,28,North Park,,Web,,,SS-016931,SS-016931
2837822,,,2020-01-01T08:51:00,9,72 Hour Violation,Parking,2020-01-10T00:00:00,Closed,32.8767,-117.20758,"4639 Executive Dr, San Diego, CA 92121, USA",92121,1,99,University,,Web,,This vehicle has not moved in over two weeks. It's been here so long the brake rotors are totally rusted. Please tow this vehicle off the street.,SS-010708,SS-010708
2837823,2837821,,2020-01-01T08:53:00,7,Graffiti Removal,TSW,2020-01-08T00:00:00,Closed,32.748198,-117.139865,,,3,28,North Park,,Web,,"2305 University Avenue has been the long established favorite site for tagging and new tags show up about every three weeks These are only afew of the tags along the west wall of the parking lot.  I WOULD LIKE TO NOW IF ANY OF THESE TAGS ARE GANG RELATED!!  Iam not ""shouting"" but I am empahasiisng that I have repeatedly requsted this inforamtion!!                  Also, I think you should add a third item to the drop-down list of ""unknown"" as if it is gang elated, it isvery objectionable.",SS-016931,SS-016931
2837824,2665304,,2020-01-01T08:53:00,340,Vegetation Encroachment,TSW ROW,,In Process,32.72914764,-117.0878533,5025 Pirotte Dr,92105,4,57,Mid-City:Eastern Area,,Mobile,,Overgrown tree well into street. Consistently has giant branches that are hit by garbage and trucks. Debris everywhere. Blocking access for fire trucks that need water. A fire danger itself as it is huge and is touching the house next to it. Working class neighborhood put in danger because of it. Please help.,,
2837825,,,2020-01-01T08:54:00,340,Encampment,Neighborhood Policing,,In Process,32.73370199,-117.2195515,2883 Farragut Rd,92106,2,30,Peninsula,,Mobile,,"Van parked overnight, someone living in it on our residential street several times",SS-031492,SS-031492
2837826,2822987,,2020-01-01T08:56:00,9,72 Hour Violation,Parking,2020-01-10T00:00:00,Closed,32.89371,-117.19679,"4581 Executive Dr, San Diego, CA 92121, USA",92121,6,15,Mira Mesa,,Web,,This vehicle has not moved in over one week. You gave this vehicle a warning about one month ago. Please tow it off the street.,SS-010708,SS-010708
2837827,2798788,,2020-01-01T08:57:00,14,Graffiti Removal,TSW,2020-01-15T00:00:00,Closed,32.75569,-117.13821,,,3,28,North Park,,Web,,2426 El Cajon Blvd. east end of quansut hut of the facility with very heavy tagging on this auto repair facility.  More phtos are available.  Site has been eported proviously and not correctie action has been taken.  Alley to the north was prviously used a s a headquarters of a drug gang that used bicycles for delieveries.  THis is related to activity at 4325 Texas Street and 43 34 Arizona Street.,,
2837828,,,2020-01-01T08:57:00,9,Graffiti Removal,TSW,2020-01-10T00:00:00,Closed,32.74847206,-117.2267962,,,2,30,Peninsula,,Mobile,,,SS-022091,SS-022091
2837829,,40300225191,2020-01-01T09:00:00,61,Pavement Repair Issue,TSW,2020-03-02T00:00:00,Closed,32.56063374,-116.9796776,,,8,26,Otay Mesa,,Web,,"Northbound Britannia Blvd at the intersection of Airway Road, there are massive potholes. They are so abundant, the traffic has to swerve into the path of the median strip to try to avoid them. I have been reporting this intersection for years and you never fix the asphalt correctly.",SS-001913-PV1,SS-001913-PV1
2837830,2837829,,2020-01-01T09:01:00,61,Pothole,TSW,2020-03-02T00:00:00,Closed,32.56062017,-116.979817,,,8,26,Otay Mesa,,Web,,"Southbound Britannia Blvd at the intersection of Airway Road, there are massive potholes. They are so abundant, the traffic has to swerve into the path of the median strip to try to avoid them. I have been reporting this intersection for years and you never fix the asphalt correctly.",SS-004907-PV1,SS-004907-PV1
2837831,2798757,,2020-01-01T09:02:00,64,Graffiti Removal,TSW,2020-03-05T00:00:00,Closed,32.7559821,-117.1384012,,,3,28,North Park,,Web,,4325 Texas Street board fence along alley white tags on multiple fence panels.  Graffiti is alos at rear of building in the alley.  This is related to 2326 El Cajon Blvd and the 4334 Arizona complaints about tagging and junk in the alley.  It has been a very bad problem for over eight years with multiple reports filled.,,
2837832,,,2020-01-01T09:06:00,27,72 Hour Violation,Parking,2020-01-28T00:00:00,Closed,32.57948,-117.07841,"2592 Chadwell Ave, San Diego, CA 92154, USA",92154,8,25,Otay Mesa-Nestor,,Web,,Car has been parked for months without moving outside of my house.,SS-006861,SS-006861
2837833,,40300225318,2020-01-01T09:08:00,9,Other Right-of-Way Maintenance,TSW,2020-01-10T00:00:00,Closed,32.54476929,-117.0720825,"2764 Monument Rd, San Diego, Ca 92154, Usa",92154,8,39,Tijuana River Valley,,Mobile,,Mud slide over the road. Please clear up.,SS-018944,SS-018944
2837835,2835206,,2020-01-01T09:12:00,14,Pothole,TSW,2020-01-15T00:00:00,Closed,32.75002504,-117.1588577,,,3,42,Uptown,,Mobile,,10 large potholes again,SS-028296-PV1,SS-028296-PV1
2837837,,40300225183,2020-01-01T09:23:00,1,Pothole,TSW,2020-01-02T00:00:00,Closed,33.0004764,-117.0667164,,,5,31,Rancho Bernardo,,Mobile,,,SS-021430-PV1,SS-021430-PV1
2837838,,,2020-01-01T09:26:00,0,Parking Zone Violation,Parking,2020-01-01T00:00:00,Closed,32.78466626,-117.2521215,829 San Jose Pl,92109,2,18,Mission Beach,,Mobile,,Electric scooters (Lime & Lyft) and a bike(Wheels) are illegally parked in red zone and are blocking traffic.,SS-003731,SS-003731
2837839,2622086,,2020-01-01T09:39:00,104,72 Hour Violation,Parking,2020-04-14T00:00:00,Closed,32.76078333,-117.0714805,4589 Alice St,92115,9,38,College Area,,Mobile,,"Abandoned vehicle here for 3 weeks now, unmoved.",SS-017126,SS-017126
2837841,,,2020-01-01T09:52:00,1,Graffiti Removal,TSW,2020-01-02T00:00:00,Closed,32.72234922,-117.1612045,,,3,4,Downtown,,Web,,At approximately 2310 (23:10 PM) while performing a perimeter patrol of Bldg. 350. I approached the alleyway gate on the eastside of bldg. 350 where I noticed that there was graffiti on the City of San Diego Retaining Wall below the sidewalk across from bldg. 350 Eastside alleyway gate. Also there was graffiti at two other locations. Both locations were on the guardrail on top of the Retaining Wall. After completing my perimeter rounds of Bldg. 350 I found no other signs of new graffiti. Location #1:  Graffiti is done in ?Black? spray paint and is approximately 2 feet in height and 7 Ã‚Â½ feet in width. The graffiti reads ?WIDER?.Location #2: (Guardrail post right above location #1). Graffiti is done in ?Black? spray paint and is 6 inches in height and 2 inches in width. The graffiti reads ?ROLDK?.Location #3: (Three guardrail posts south of location #1). Graffiti is done in ?Black? spray paint and is 7 inches in height and 2 inches in width. The graffiti reads ?ROLDK?.,SS-000144,SS-000144
2837842,,,2020-01-01T09:56:00,0,Illegal Dumping,ESD Complaint/Report,2020-01-01T00:00:00,Closed,,,5704 Streamview,,,,,,FO Self Generate,,"chair, armor",,
2837843,,,2020-01-01T09:57:00,0,Illegal Dumping,ESD Complaint/Report,2020-01-01T00:00:00,Closed,,,3751 Chamoune,,,,,,FO Self Generate,,BS,,
2837844,,,2020-01-01T09:58:00,0,Illegal Dumping,ESD Complaint/Report,2020-01-01T00:00:00,Closed,,,3835 45th,,,,,,FO Self Generate,,dresser,,
2837846,,,2020-01-01T10:00:00,0,Illegal Dumping,ESD Complaint/Report,2020-01-01T00:00:00,Closed,,,4041 44th,,,,,,FO Self Generate,,plastic container,,
2837847,,,2020-01-01T10:01:00,0,Illegal Dumping,ESD Complaint/Report,2020-01-01T00:00:00,Closed,,,4268 Wightman,,,,,,FO Self Generate,,dresser,,
2837849,,,2020-01-01T10:03:00,0,Illegal Dumping,ESD Complaint/Report,2020-01-01T00:00:00,Closed,,,3542 43rd,,,,,,FO Self Generate,,"headboard, chair",,
2837850,,40300225154,2020-01-01T10:03:00,7,Tree Infestation - Bees/Pests,TSW,2020-01-08T00:00:00,Closed,32.753884,-117.170022,,,3,42,Uptown,,Web,,"Pretty certain the canary date palm  is infected with the beetle ?- is on city property.at the end of west arbor off falcon , facing the canyon",TR,SS-029726
2837851,,,2020-01-01T10:04:00,0,Illegal Dumping,ESD Complaint/Report,2020-01-01T00:00:00,Closed,,,3535 Marlborough Ave,,,,,,FO Self Generate,,sofa,,
2837852,,,2020-01-01T10:06:00,0,Illegal Dumping,ESD Complaint/Report,2020-01-01T00:00:00,Closed,,,3749 Van Dyke,,,,,,FO Self Generate,,"2 dressers, 2 chairs",,
2837853,,,2020-01-01T10:06:00,3,Encampment,Neighborhood Policing,2020-01-04T00:00:00,Closed,32.750888,-117.174432,"1215 Fort Stockton Dr, San Diego, Ca 92103, Usa",92103,3,42,Uptown,,Mobile,,at united medthist church ft stockton dr side second stairs into the church.. i am un sure where church office is at,SS-011355,SS-011355
2837854,,,2020-01-01T10:06:00,13,Encampment,ESD Complaint/Report,2020-01-14T00:00:00,Closed,32.741128,-117.179244,"3617 India St, San Diego, CA 92103",92103,3,42,Uptown,,Mobile,,Homeless have been adding more and more to the public sidewalk,SS-014099,SS-014099
2837855,,,2020-01-01T10:07:00,340,Graffiti Removal,TSW,,In Process,32.74861191,-117.1545868,,,3,42,Uptown,,Mobile,,,SS-027135,SS-027135
2837856,,,2020-01-01T10:07:00,0,Illegal Dumping,ESD Complaint/Report,2020-01-01T00:00:00,Closed,,,3745 Van Dyke,,,,,,FO Self Generate,,chair,,
2837858,,,2020-01-01T10:08:00,0,Illegal Dumping,ESD Complaint/Report,2020-01-01T00:00:00,Closed,,,3561 Central Ave,,,,,,FO Self Generate,,vacuum,,
2837859,,,2020-01-01T10:09:00,5,Illegal Dumping,ESD Complaint/Report,2020-01-06T00:00:00,Closed,32.79517559,-117.2025486,"4261 Cessna St, San Diego, CA 92117",92117,2,6,Clairemont Mesa,,Mobile,,Illegal dumping of storage cabinet on side of road. Been there for 3 weeks,,
2837860,,,2020-01-01T10:10:00,0,Illegal Dumping,ESD Complaint/Report,2020-01-01T00:00:00,Closed,,,3571 Central Ave,,,,,,FO Self Generate,,table,,
2837861,,40300225200,2020-01-01T10:11:00,6,Pothole,TSW,2020-01-07T00:00:00,Closed,32.8683835,-117.2233209,,,1,99,University,,Web,,"When you turn right, onto Nobel Dr, [from Regents Rd., heading East], the BIG Pot Hole is right there; in the left lane, of Nobel Dr.!",SS-019965-PV1,SS-019965-PV1
2837862,,,2020-01-01T10:12:00,0,Illegal Dumping,ESD Complaint/Report,2020-01-01T00:00:00,Closed,,,6300 Scimitar Dr,,,,,,FO Self Generate,,"mattress, BS, crib",,
2837863,,,2020-01-01T10:12:00,9,Graffiti Removal,TSW,2020-01-10T00:00:00,Closed,32.74998352,-117.1581154,,,3,42,Uptown,,Mobile,,,SS-028295,SS-028295
2837864,,,2020-01-01T10:13:00,0,Illegal Dumping,ESD Complaint/Report,2020-01-01T00:00:00,Closed,,,6000 Radio Dr,,,,,,FO Self Generate,,NP,,
2837865,,,2020-01-01T10:18:00,1,Parking Zone Violation,Parking,2020-01-02T00:00:00,Closed,32.90455,-117.14884,"10239 Baroness Ave, San Diego, Ca 92126, Usa",92126,6,15,Mira Mesa,,Mobile,,,SS-026541,SS-026541
2837866,,,2020-01-01T10:19:00,0,Illegal Dumping,ESD Complaint/Report,2020-01-01T00:00:00,Closed,32.705036,-117.1293707,"3055 Commercial St, San Diego, CA 92113",92113,8,37,Southeastern San Diego,,FO Self Generate,,"sheet rock, clothes",,
2837867,2837428,,2020-01-01T10:21:00,13,Pothole,TSW,2020-01-14T00:00:00,Closed,32.91129128,-117.1356038,,,6,15,Mira Mesa,,Mobile,,Large pot hole,SS-028616-PV1,SS-028616-PV1
2837868,,,2020-01-01T10:21:00,0,Illegal Dumping,ESD Complaint/Report,2020-01-01T00:00:00,Closed,32.70519522,-117.1282576,"3064 Commercial St, San Diego, CA 92113",92113,8,37,Southeastern San Diego,,Phone,,NP,,
2837869,,,2020-01-01T10:24:00,0,Illegal Dumping,ESD Complaint/Report,2020-01-01T00:00:00,Closed,,,100 S. 31st St,,,,,,FO Self Generate,,fan,,
2837870,,,2020-01-01T10:26:00,0,Illegal Dumping,ESD Complaint/Report,2020-01-01T00:00:00,Closed,,,4427 Gresham St,,,,,,FO Self Generate,,chair,,
2837871,,40300225146,2020-01-01T10:27:00,6,Pothole,TSW,2020-01-07T00:00:00,Closed,32.74944538,-117.1515482,,,3,42,Uptown,,Web,,"Numerous potholes on Cleveland, between Richmond and Vermont.",SS-007382-PV1,SS-007382-PV1
2837872,,,2020-01-01T10:27:00,0,Illegal Dumping,ESD Complaint/Report,2020-01-01T00:00:00,Closed,,,2275 Emerald,,,,,,FO Self Generate,,pallet,,
2837873,,,2020-01-01T10:28:00,13,72 Hour Violation,Parking,2020-01-14T00:00:00,Closed,32.73685,-117.0849,"3042 51st St, San Diego, CA 92105, USA",92105,4,57,Mid-City:Eastern Area,,Web,,Has been parked on Rombough pl for over a month,SS-001221,SS-001221
2837874,,,2020-01-01T10:29:00,0,Illegal Dumping,ESD Complaint/Report,2020-01-01T00:00:00,Closed,32.8039047,-117.2286793,"4618 Pendleton St, San Diego, CA 92109",92109,2,27,Pacific Beach,,Phone,,file cabinet,,
2837875,,40300225175,2020-01-01T10:29:00,13,Pothole,TSW,2020-01-14T00:00:00,Closed,32.8989988,-117.1414406,,,6,15,Mira Mesa,,Mobile,,Big pothole camino ruiz southbound before carrol canyon road,SS-031962-PV1,SS-031962-PV1
2837876,,40300225155,2020-01-01T10:30:00,8,Pothole,TSW,2020-01-09T00:00:00,Closed,32.77171692,-117.140197,,,7,19,Mission Valley,,Web,,"Large pothole in southbound lane of Qualcomm way, just before Camino Del Rio north heads west towards Target .",SS-022471-PV1,SS-022471-PV1
2837877,,,2020-01-01T10:30:00,0,Illegal Dumping,ESD Complaint/Report,2020-01-01T00:00:00,Closed,,,4220 Kendall,,,,,,FO Self Generate,,appliance,,
2837878,,40300225147,2020-01-01T10:30:00,13,Pothole,TSW,2020-01-14T00:00:00,Closed,32.8986411,-117.1406765,,,6,15,Mira Mesa,,Mobile,,Pothole at intersection camino ruiz south and carrol canyon road,SS-031962-PV1,SS-031962-PV1
2837879,,,2020-01-01T10:31:00,8,Shared Mobility Device,ESD Complaint/Report,2020-01-09T00:00:00,Closed,32.70952,-117.1545722,1150 J St,,3,4,Downtown,,Mobile,,Scooters blocking sidewalk! Tripping hazard! Not coral!,,
2837880,,,2020-01-01T10:31:00,0,Illegal Dumping,ESD Complaint/Report,2020-01-01T00:00:00,Closed,,,4226 Lamont,,,,,,FO Self Generate,,table,,
2837881,,,2020-01-01T10:32:00,3,Shared Mobility Device,ESD Complaint/Report,2020-01-04T00:00:00,Referred,32.70938,-117.1544112,1101?1199 J St,,3,4,Downtown,,Mobile,This report has been referred to SMD at sd@sweepcrew.com,Scooters blocking sidewalk! Tripping hazard! Not coral!,,
2837882,,,2020-01-01T10:33:00,0,Illegal Dumping,ESD Complaint/Report,2020-01-01T00:00:00,Closed,,,2126 Reed,,,,,,FO Self Generate,,"3 pallet, chair",,
2837883,,,2020-01-01T10:33:00,3,Shared Mobility Device,ESD Complaint/Report,2020-01-04T00:00:00,Referred,32.711345,-117.1558138,544 Tenth Ave,,3,4,Downtown,,Mobile,This report has been referred to SMD at sd@sweepcrew.com,Scooter blocking wheelchair ramp! ADA violation!,,
2837884,,,2020-01-01T10:34:00,8,Shared Mobility Device,ESD Complaint/Report,2020-01-09T00:00:00,Closed,32.71203333,-117.1554417,1002 Market St,,3,4,Downtown,,Mobile,,Scooters blocking sidewalk! Tripping hazard! Not coral!,,
2837885,,,2020-01-01T10:34:00,0,Illegal Dumping,ESD Complaint/Report,2020-01-01T00:00:00,Closed,,,4276 Haines St,,,,,,FO Self Generate,,BS,,
2837886,,,2020-01-01T10:34:00,8,Shared Mobility Device,ESD Complaint/Report,2020-01-09T00:00:00,Closed,32.712025,-117.1555112,655 Tenth Ave,,3,4,Downtown,,Mobile,,Scooters blocking sidewalk! Tripping hazard! Not coral!,,
2837887,,,2020-01-01T10:35:00,0,Sidewalk Repair Issue,TSW,2020-01-01T00:00:00,Referred,32.71507167,-117.1626195,,,3,4,Downtown,,Mobile,This report has been referred to Police CRO ? Central at sdpdcentral@pd.sandiego.gov,Scooter illegally riding on sidewalk!,SS-004971-SO2,SS-004971
2837888,,,2020-01-01T10:35:00,0,Sidewalk Repair Issue,TSW,2020-01-01T00:00:00,Referred,32.71468667,-117.1612167,,,3,4,Downtown,,Mobile,This report has been referred to SMD at sd@sweepcrew.com,Scooters blocking sidewalk! Tripping hazard! Not coral!,SS-000136-SE1,SS-000136
2837889,,,2020-01-01T10:36:00,0,Sidewalk Repair Issue,TSW,2020-01-01T00:00:00,Referred,32.71361167,-117.1593083,,,3,4,Downtown,,Mobile,This report has been referred to SMD at sd@sweepcrew.com,Scooter blocking bike lane!,SS-010714-SO1,SS-010714
2837890,,,2020-01-01T10:36:00,0,Illegal Dumping,ESD Complaint/Report,2020-01-01T00:00:00,Closed,,,4325 Haines St,,,,,,FO Self Generate,,2 chairs,,
2837891,,,2020-01-01T10:36:00,0,Sidewalk Repair Issue,TSW,2020-01-01T00:00:00,Referred,32.711405,-117.1575555,,,3,4,Downtown,,Mobile,This report has been referred to SMD at sd@sweepcrew.com,2 people on 1 scooter illegally riding on sidewalk!,SS-017570-SO1,SS-017570
2837892,,,2020-01-01T10:37:00,0,Sidewalk Repair Issue,TSW,2020-01-01T00:00:00,Referred,32.71125333,-117.1557,,,3,4,Downtown,,Mobile,This report has been referred to SMD at sd@sweepcrew.com,Scooter illegally riding on sidewalk!,SS-000322-SE1,SS-000322
2837893,,,2020-01-01T10:37:00,2,Dead Animal,ESD Complaint/Report,2020-01-03T00:00:00,Closed,32.75919718,-117.2040565,"El Camino Real, San Diego, Ca 92110, Usa",,2,14,Midway-Pacific Highway,,Mobile,,"Dead raccoon on side of freeway. On the 8 west freeway, left lane under the 5 freeway",,
2837894,,,2020-01-01T10:37:00,0,Sidewalk Repair Issue,TSW,2020-01-01T00:00:00,Referred,32.71150833,-117.1581888,,,3,4,Downtown,,Mobile,This report has been referred to Police CRO ? Central at sdpdcentral@pd.sandiego.gov,2 scooters illegally riding on sidewalk!,SS-017570-SO1,SS-017570
2837895,,,2020-01-01T10:37:00,0,Illegal Dumping,ESD Complaint/Report,2020-01-01T00:00:00,Closed,,,1134 Thomas,,,,,,FO Self Generate,,dresser,,
2837896,,,2020-01-01T10:39:00,0,Illegal Dumping,ESD Complaint/Report,2020-01-01T00:00:00,Closed,,,1141 Thomas,,,,,,FO Self Generate,,"BBQ, chair",,
2837897,,40300225156,2020-01-01T10:39:00,1,Traffic Signal Light Out,TSW,2020-01-02T00:00:00,Closed,32.74692352,-117.1616072,,,3,42,Uptown,,Mobile,,The yellow ball on the light standard at the southwest corner of Fourth Ave. & Robinson Ave. is dark.,SG-201503,SX-010881-001
2837898,,,2020-01-01T10:39:00,0,Sidewalk Repair Issue,TSW,2020-01-01T00:00:00,Referred,32.7051,-117.1579222,,,3,4,Downtown,,Mobile,This report has been referred to SMD at sd@sweepcrew.com,2 people on 1 scooter illegally riding on sidewalk: 1 irresponsible adult and 1 small child hanging on to dear life!!!,,SS-013026
2837899,,,2020-01-01T10:40:00,0,Illegal Dumping,ESD Complaint/Report,2020-01-01T00:00:00,Closed,,,1413 Thomas,,,,,,FO Self Generate,,dresser,,
2837900,,,2020-01-01T10:40:00,8,72 Hour Violation,Parking,2020-01-09T00:00:00,Closed,32.75913,-117.07356,"4550 Collwood Blvd, San Diego, CA 92115, USA",92115,9,38,College Area,,Web,,CAR HAS BEEN PARKED UNMOVED FOR SEVERAL MONTHS.,SS-007652,SS-007652
2837901,,,2020-01-01T10:41:00,0,Other,TSW,2020-01-01T00:00:00,Referred,32.78583768,-117.2400038,,,2,17,Mission Bay Park,MISSION BAY PARK,Mobile,This report has been referred to SMD at sd@sweepcrew.com,illegal scooter parked/dumped on bay front walk,SS-023293,SS-023293
2837902,,,2020-01-01T10:42:00,0,Illegal Dumping,ESD Complaint/Report,2020-01-01T00:00:00,Closed,,,1951 Thomas,,,,,,FO Self Generate,,BS,,
2837903,,,2020-01-01T10:43:00,0,Illegal Dumping,ESD Complaint/Report,2020-01-01T00:00:00,Closed,,,1955 Thomas,,,,,,FO Self Generate,,table,,
2837904,,,2020-01-01T10:44:00,9,72 Hour Violation,Parking,2020-01-10T00:00:00,Closed,32.96137,-117.15182,"8224 Torrey Gardens Pl, San Diego, Ca 92129, Usa",92129,5,52,Torrey Highlands,,Mobile,,Red car parked over week damage,SS-031101,SS-031101
2837905,,,2020-01-01T10:45:00,0,Illegal Dumping,ESD Complaint/Report,2020-01-01T00:00:00,Closed,,,2145 Thomas,,,,,,FO Self Generate,,2 chairs,,
2837906,,,2020-01-01T10:47:00,0,Illegal Dumping,ESD Complaint/Report,2020-01-01T00:00:00,Closed,,,4325 Noyes,,,,,,FO Self Generate,,Christmas tree,,
2837907,,,2020-01-01T10:48:00,1,Parking Zone Violation,Parking,2020-01-02T00:00:00,Closed,32.7431,-117.09763,"3533 45th St, San Diego, Ca 92105, Usa",92105,9,56,Mid-City:City Heights,,Mobile,,Car parked in driveway,SS-001077,SS-001077
2837908,,,2020-01-01T10:48:00,0,Illegal Dumping,ESD Complaint/Report,2020-01-01T00:00:00,Closed,,,4555 Bond,,,,,,FO Self Generate,,couch,,
2837909,,,2020-01-01T10:50:00,0,Illegal Dumping,ESD Complaint/Report,2020-01-01T00:00:00,Closed,,,3487 Del Rey St,,,,,,FO Self Generate,,"couch, chair",,
2837910,,,2020-01-01T10:50:00,28,72 Hour Violation,Parking,2020-01-29T00:00:00,Closed,32.80739617,-117.2605296,727 Sapphire St,92109,2,27,Pacific Beach,,Mobile,,,SS-024338,SS-024338
2837912,,,2020-01-01T10:52:00,0,Illegal Dumping,ESD Complaint/Report,2020-01-01T00:00:00,Closed,32.78788627,-117.1746397,"2444 Comstock St, San Diego, CA 92111",92111,7,12,Linda Vista,,FO Self Generate,,"chair, carpet, wood",,
2837913,,40300225148,2020-01-01T10:54:00,7,Pothole,TSW,2020-01-08T00:00:00,Closed,32.81220474,-117.2505192,,,2,27,Pacific Beach,,Mobile,,Pot hole located in the right lane as you are heading up Cardeno.,SS-010878-PV1,SS-010878-PV1
2837914,,,2020-01-01T10:54:00,0,Illegal Dumping,ESD Complaint/Report,2020-01-01T00:00:00,Closed,32.8108912,-117.2399004,"5077 Soledad Rd, San Diego, CA 92109",92109,2,27,Pacific Beach,,FO Self Generate,,"palm fronds, trash",,
2837915,,,2020-01-01T10:57:00,6,72 Hour Violation,Parking,2020-01-07T00:00:00,Closed,32.79695846,-117.2461596,4406 Fanuel St,92109,2,27,Pacific Beach,,Mobile,,This motorcycle has been parked in this location for a week.,SS-010897,SS-010897
2837916,,,2020-01-01T10:57:00,0,Illegal Dumping,ESD Complaint/Report,2020-01-01T00:00:00,Closed,32.7548818,-117.2436151,"2390 Bacon St, San Diego, CA 92107",92107,2,17,Mission Bay Park,,FO Self Generate,,"green pile, 4 Christmas trees, 2 trash bags",,
2837917,,,2020-01-01T10:58:00,6,Illegal Dumping,ESD Complaint/Report,2020-01-07T00:00:00,Closed,32.81695161,-117.1603913,"4052 Antiem St, San Diego, CA 92111",92111,6,6,Clairemont Mesa,,Mobile,,Neighbor placed old stroller/trash out on the curb.,,
2837918,,40300225109,2020-01-01T10:59:00,26,Street Light Out,TSW,2020-01-27T00:00:00,Closed,32.74708898,-117.1274587,,,3,28,North Park,,Mobile,,Street light is out on North Park Way between 31st St & Grim Ave. it's next to Tribute Pizza in front of an alley.,PL-343400,SX-010843-001
2837919,,,2020-01-01T11:00:00,0,Illegal Dumping,ESD Complaint/Report,2020-01-01T00:00:00,Closed,32.7571981,-117.2163045,"3948 Hancock St, San Diego, CA 92110",92110,2,14,Midway-Pacific Highway,,FO Self Generate,,"2 shopping carts, table",,
2837920,,,2020-01-01T11:01:00,2,Shared Mobility Device,ESD Complaint/Report,2020-01-03T00:00:00,Referred,32.82659912,-117.0798317,"4704 Valdina Way, San Diego, CA 92124",92124,7,47,Tierrasanta,,Mobile,This report has been referred to SMD at sd@sweepcrew.com,Like scooters dumped x8,,
2837921,,40300225184,2020-01-01T11:02:00,14,Palm Frond Cleanup,TSW,2020-01-15T00:00:00,Closed,32.80425,-117.2562726,,,2,27,Pacific Beach,,Mobile,,Piles of palm fronds at 871 and 868 Wilbur Ave.,TR-RW-0095100,SS-028778
2837922,,,2020-01-01T11:04:00,0,Illegal Dumping,ESD Complaint/Report,2020-01-01T00:00:00,Closed,,,2900 Sports Arena,,,,,,FO Self Generate,,"mattress, chair, shopping cart",,
2837923,2837921,,2020-01-01T11:06:00,14,Palm Frond Cleanup,TSW,2020-01-15T00:00:00,Closed,32.8042322,-117.256243,,,2,27,Pacific Beach,,Mobile,,Piles of palm fronds at 871 and 868 Wilbur Ave.,TR-RW-0095100,SS-028778
2837924,,,2020-01-01T11:07:00,0,Illegal Dumping,ESD Complaint/Report,2020-01-01T00:00:00,Closed,,,2500 Sports Arena,,,,,,FO Self Generate,,shopping cart,,
2837925,,,2020-01-01T11:07:00,14,72 Hour Violation,Parking,2020-01-15T00:00:00,Closed,32.80529959,-117.0400743,7252 Birchcreek Rd,92119,7,20,Navajo,,Mobile,,Car was previously parked between 7252 and 7262 Birchcreek Road for nearly three weeks without moving and with expired tags. Car appeared to get cited and was moved a few days after citation. Reappeared in front of 7252 Birchcreek Road with current tags the evening of December 28th and has not moved again since.,SS-004268,SS-004268
2837926,,,2020-01-01T11:09:00,0,Illegal Dumping,ESD Complaint/Report,2020-01-01T00:00:00,Closed,,,2400 G St,,,,,,FO Self Generate,,wood pile,,
2837928,,,2020-01-01T11:11:00,0,Illegal Dumping,ESD Complaint/Report,2020-01-01T00:00:00,Closed,32.6938901,-117.1253526,"1214 32nd St, San Diego, CA 92113",92113,8,2,Barrio Logan,,FO Self Generate,,mattress,,
2837929,,,2020-01-01T11:13:00,0,Illegal Dumping,ESD Complaint/Report,2020-01-01T00:00:00,Closed,,,2993 Boston,,,,,,FO Self Generate,,"BS, mattress",,
2837930,,,2020-01-01T11:13:00,14,72 Hour Violation,Parking,2020-01-15T00:00:00,Closed,32.968205,-117.1937867,6098 Seafaring Way,92130,1,62,Pacific Highlands Ranch,,Mobile,,Truck an 2 trailers parked in same spot 5+ days,SS-037946,SS-032749
2837931,,,2020-01-01T11:15:00,0,Litter,ESD Complaint/Report,2020-01-01T00:00:00,Closed,,,2993 Boston,,,,,,FO Self Generate,,10 bags,,
2837932,2816233,,2020-01-01T11:16:00,5,Pothole,TSW,2020-01-06T00:00:00,Closed,32.75144404,-117.241783,,,2,17,Mission Bay Park,,Web,,Numerous pot holes at intersection of West Pt oma Bl both lanes. Also numerous pot holes including long gashes from Union 76 Gas station north to Nimitz Bl needs filling.,SS-025880-PV1,SS-025880-PV1
2837935,,,2020-01-01T11:16:00,0,Litter,ESD Complaint/Report,2020-01-01T00:00:00,Closed,32.6938901,-117.1253526,"1214 32nd St, San Diego, CA 92113",92113,8,2,Barrio Logan,,FO Self Generate,,22 bags,,
2837938,2834947,,2020-01-01T11:18:00,12,Traffic Sign - Maintain,TSW,2020-01-13T00:00:00,Closed,32.80699298,-117.2250521,,,2,27,Pacific Beach,,Mobile,,Turn sign down,SS-025186,SS-025186
2837939,,40300225192,2020-01-01T11:18:00,12,Pothole,TSW,2020-01-13T00:00:00,Closed,32.75397051,-117.2373413,,,2,23,Ocean Beach,,Web,,Several pot holes at intersection with right lane at entrance to I=8 Sunset Cliffs Bl east bound needs filling please.,SS-019924-PV1,SS-019924-PV1
2837940,,,2020-01-01T11:18:00,0,Litter,ESD Complaint/Report,2020-01-01T00:00:00,Closed,32.705276,-117.1296496,"2999 Commercial St, San Diego, CA 92113",92113,8,37,Southeastern San Diego,,FO Self Generate,,10 bags,,
2837941,2476625,,2020-01-01T11:19:00,339,Sidewalk Repair Issue,TSW,,In Process,32.74615195,-117.247619,,,2,23,Ocean Beach,,Mobile,,Pothole in sidewalk. Child tripped on it.  Not super dangerous but someone should fix it.,SS-024290-SO1,SS-024290
2837943,,,2020-01-01T11:19:00,3,Encampment,Neighborhood Policing,2020-01-04T00:00:00,Closed,32.75704841,-117.1434563,"2015 Meade Ave, San Diego, Ca 92116, Usa",92104,3,28,North Park,,Mobile,,Someone sleeping behind garbage cans in driveway of empty house nextdoor.,SS-017896,SS-017896
2837945,,,2020-01-01T11:20:00,0,Litter,ESD Complaint/Report,2020-01-01T00:00:00,Closed,,,2700 G St,,,,,,FO Self Generate,,10 bags,,
2837946,2827833,,2020-01-01T11:21:00,5,Pothole,TSW,2020-01-06T00:00:00,Closed,32.76205472,-117.2007345,,,7,19,Mission Valley,MISSION VALLEY PRESERVE,Web,,2nd request Pot hole Friars Rd east bound just about under and just east of trolley overpass. You filled pot hole 150 ft east of trolley overpass but forgot this long standing pot hole. Thanks !,SS-011515-PV1,SS-011515-PV1
2837947,,40300225194,2020-01-01T11:21:00,1,Other Right-of-Way Maintenance,TSW,2020-01-02T00:00:00,Closed,32.76772647,-117.1229333,,,3,59,Mid-City:Normal Heights,,Web,,There's a tire in the street at the intersection at 33rd St and N Mountain View Dr.,SS-020093,SS-020093
2837948,,,2020-01-01T11:22:00,0,Litter,ESD Complaint/Report,2020-01-01T00:00:00,Closed,,,2400 G St,,,,,,FO Self Generate,,20 bags,,
2837949,,,2020-01-01T11:22:00,2,Illegal Dumping,ESD Complaint/Report,2020-01-03T00:00:00,Referred,33.0744662,-117.0001878,"15606 Bandy Canyon Rd, Escondido, Ca 92025, Usa",,5,32,San Pasqual,,Mobile,This report has been referred to Park and Recreation at askparks@sandiego.gov,HAZMAT South of roadway off of bandy canyon,,
2837950,,40300225185,2020-01-01T11:23:00,1,Pothole,TSW,2020-01-02T00:00:00,Closed,32.83744307,-117.1932208,,,6,6,Clairemont Mesa,,Mobile,,big potholes,SS-007839-PV1,SS-007839-PV1
2837951,,40300225193,2020-01-01T11:23:00,12,Pothole,TSW,2020-01-13T00:00:00,Closed,32.76165775,-117.2137164,,,2,17,Mission Bay Park,,Web,,New pot hole just east of S. Shores parkway east bound and numerous pot holes all lanes from here to I-5 needs filling please.,SS-024635-PV1,SS-024635-PV1
2837952,,,2020-01-01T11:24:00,0,Litter,ESD Complaint/Report,2020-01-01T00:00:00,Closed,,,2900 Sports Arena,,,,,,Phone,,22 bags,,
2837953,,40300225210,2020-01-01T11:24:00,26,Traffic Signal Timing Issue,TSW,2020-01-27T00:00:00,Closed,32.9754608,-117.2256339,,,1,49,Fairbanks Ranch Country Club,,Mobile,,All the timing for the traffic lights on this stretch of El Camino Real are off. The lights turn red when there is no need to. It causes more traffic because it stops the flow. They should be checked.,SG-200617,SX-000817-001
2837954,,,2020-01-01T11:25:00,0,Other,TSW,2020-01-01T00:00:00,Referred,32.79308824,-117.2418283,,,2,27,Pacific Beach,,Mobile,This report has been referred to SMD at sd@sweepcrew.com,illegally parked scooter,SS-023288,SS-023288
2837955,,,2020-01-01T11:26:00,0,Other,TSW,2020-01-01T00:00:00,Referred,32.79296754,-117.2417074,,,2,27,Pacific Beach,,Mobile,This report has been referred to SMD at sd@sweepcrew.com,illegal parked scooters,SS-023288,SS-023288
2837956,,40300225176,2020-01-01T11:27:00,12,Pothole,TSW,2020-01-13T00:00:00,Closed,32.80756884,-117.21318,,,2,6,Clairemont Mesa,,Web,,Large pot hole across both north bound lanes just north of transition road 20 feet approximately from Balboa Rd east at stop light to Morena Bl north. Just north of stop light. Thanks !,SS-019010-PV1,SS-019010-PV1
2837957,,,2020-01-01T11:27:00,0,Illegal Dumping,ESD Complaint/Report,2020-01-01T00:00:00,Closed,,,3200 Harbor Dr,,,,,,FO Self Generate,,"2 buckets,",,
2837959,,,2020-01-01T11:27:00,1,Missed Collection,ESD Complaint/Report,2020-01-02T00:00:00,Closed,32.7470898,-117.2374239,"2244 Soto St, San Diego, CA 92107, USA",,2,30,Peninsula,,Web,,My trash can was not emptied on Monday 12/30/19. There was no note left on the container. My recycling was emptied but not the trash. My neighbors trash cans were missed as well.,,
2837960,,40300225211,2020-01-01T11:29:00,1,Traffic Signal Head Turned,TSW,2020-01-02T00:00:00,Closed,32.98312866,-117.2267673,,,1,61,Ncfua Subarea Ii,,Mobile,,Elevated Signal is pushed out to left versus head-on to traffic.,SG-200602,SX-000705-001
2837961,,,2020-01-01T11:29:00,1,Graffiti Removal,TSW,2020-01-02T00:00:00,Closed,32.7842899,-117.1481717,,,7,35,Serra Mesa,,Web,,,SS-021735,SS-021735
2837962,2831240,,2020-01-01T11:29:00,170,Dead Animal,ESD Complaint/Report,2020-06-19T00:00:00,Closed,32.68753052,-117.2449341,1101 Cabrillo Memorial Dr,,2,30,Peninsula,,Mobile,,,,
2837963,,,2020-01-01T11:31:00,1,Encampment,Neighborhood Policing,2020-01-02T00:00:00,Closed,32.72867167,-117.1593862,2225 Sixth Ave,92101,3,1,Balboa Park,,Mobile,,"Active homeless encampments in Balboa Park, 6th Ave near Ivy",SS-000212,SS-000212
2837964,,,2020-01-01T11:32:00,1,Graffiti Removal,TSW,2020-01-02T00:00:00,Referred,32.7952685,-117.1440571,,,7,35,Serra Mesa,,Web,This report has been referred to Caltrans San Diego at ct.public.information.d11@dot.ca.gov,,SS-019526,SS-019526
2837965,,,2020-01-01T11:32:00,1,Graffiti Removal - Code Enforcement,TSW,2020-01-02T00:00:00,Referred,32.74894683,-117.1710362,,,3,42,Uptown,,Mobile,This report has been referred to Graffiti ? ATT Telephone Booths / Cable Box at graffiti@att.com,Graffiti on utility box,SS-030048,SS-030048
2837966,,,2020-01-01T11:32:00,1,Graffiti Removal - Code Enforcement,TSW,2020-01-02T00:00:00,Referred,32.83670497,-117.1838936,,,6,6,Clairemont Mesa,,Mobile,This report has been referred to Graffiti ? SDGE Poles and Boxes at aesgraffitihotline4sdge@yahoo.com,Power pole near middle school,SS-008803,SS-008803
2837967,,,2020-01-01T11:33:00,15,72 Hour Violation,Parking,2020-01-16T00:00:00,Closed,32.7469,-117.24052,"2136 Froude St, San Diego, Ca 92107, Usa",92107,2,23,Ocean Beach,,Mobile,,abandoned car,SS-011615,SS-011615
2837968,,40300225212,2020-01-01T11:34:00,8,Pothole,TSW,2020-01-09T00:00:00,Closed,32.79194094,-117.2055373,,,2,6,Clairemont Mesa,,Mobile,,,SS-012098-PV1,SS-012098-PV1
2837969,,,2020-01-01T11:36:00,0,Graffiti Removal,TSW,2020-01-01T00:00:00,Referred,32.83886645,-117.1838479,,,6,6,Clairemont Mesa,,Mobile,This report has been referred to Graffiti ? SDGE Poles and Boxes at aesgraffitihotline4sdge@yahoo.com,Power tower in Marion bear by Dawne st,,
2837970,2831917,,2020-01-01T11:36:00,8,Pothole,TSW,2020-01-09T00:00:00,Closed,32.86997,-117.2422467,,,1,10,La Jolla,,Mobile,,Southeast corner of North Torrey Pines and La Jolla Village Dr,SS-026686-PV1,SS-026686-PV1
2837971,,40300225311,2020-01-01T11:38:00,63,Engineering - Sidewalk Evaluation,Traffic Engineering,2020-03-04T00:00:00,Closed,32.81962866,-117.2730767,403 La Canada St,92037,1,10,La Jolla,,Mobile,,No sidewalk or marked crosswalk for very long path adjacent to high traffic La Jolla Bd.,SS-015550,SS-015430
2837972,,40300225177,2020-01-01T11:41:00,34,Guardrails/Barrier Metal/Wooden,TSW,2020-02-04T00:00:00,Closed,32.92435243,-117.2540623,,,1,99,University,,Mobile,,North bound side of 12600 block of north Torrey pines road,SS-020129,SS-020129
2837974,2829151,,2020-01-01T11:44:00,7,Pothole,TSW,2020-01-08T00:00:00,Closed,32.69810308,-117.0262032,,,4,44,Skyline-Paradise Hills,,Mobile,,"3 pothole I could disappear into going NB, in the bike lane",SS-029640-PV1,SS-029640-PV1
2837975,,,2020-01-01T11:48:00,89,Dead Animal,ESD Complaint/Report,2020-03-30T00:00:00,Closed,32.73388672,-117.2288804,"3517 Poe St, San Diego, CA 92106",92106,2,30,Peninsula,,Mobile,,,,
2837976,,,2020-01-01T11:48:00,2,Illegal Dumping,ESD Complaint/Report,2020-01-03T00:00:00,Closed,32.7526396,-117.1451956,"4126 Georgia St, San Diego, CA 92103, USA",,3,28,North Park,,Web,,Someone dumped a couch in the alley and we need help getting this removed and disposed of.,,
2837977,,40300225178,2020-01-01T11:51:00,339,Tree Trimming Contract,TSW,,In Process,32.8347305,-117.2581734,,,1,10,La Jolla,,Web,,Trees on the street were last trimmed by the City in 2016. They?ve grown so out of control that recycling and trash trucks cannot pick up cans beneath them (the claw on the truck cannot lift the can into the truck without hitting the trees). At this point the overgrowth has reached halfway to the opposite side of the street and will probably fully cover the street creating a tunnel if not trimmed back soon.,TR-RW-0081667,SS-027926
2837978,2834092,,2020-01-01T11:51:00,89,Dead Animal,ESD Complaint/Report,2020-03-30T00:00:00,Closed,32.73678589,-117.2304408,Nimitz Blvd,,2,30,Peninsula,,Mobile,,,,
2837980,,40300225186,2020-01-01T11:53:00,203,Street Light Out,TSW,2020-07-22T00:00:00,Closed,32.7789027,-117.2096401,,,2,17,Mission Bay Park,,Web,,Street Lights out on E.Mission Bay Dr. across from the play ground at Mission Bay Park,PL-312093,SS-009756-008
2837981,,,2020-01-01T11:54:00,36,72 Hour Violation,Parking,2020-02-06T00:00:00,Closed,32.83760159,-117.1932016,5079 Constitution Rd,92117,6,6,Clairemont Mesa,,Mobile,,,SS-007839,SS-007839
2837982,2835350,,2020-01-01T11:55:00,8,Pothole,TSW,2020-01-09T00:00:00,Closed,32.8364774,-117.1951168,,,6,6,Clairemont Mesa,,Web,,Pothole getting larger,SS-012005-PV1,SS-012005-PV1
2837983,2835350,,2020-01-01T11:56:00,8,Pothole,TSW,2020-01-09T00:00:00,Closed,32.8367731,-117.1959165,,,6,6,Clairemont Mesa,,Web,,Pothole,SS-012005-PV1,SS-012005-PV1
2837984,,,2020-01-01T11:56:00,1,Encampment,Neighborhood Policing,2020-01-02T00:00:00,Closed,32.7492457,-117.1637008,N32.75 E117.16,92103,3,42,Uptown,,Mobile,,Homeless encampment,SS-000005,SS-000005
2837986,,40300225157,2020-01-01T11:58:00,1,Pothole,TSW,2020-01-02T00:00:00,Closed,32.96492054,-117.0923317,,,5,5,Sabre Springs,,Web,,East bound Ted Williams parkway from turning right from the freeway off ramp. On the far left lane of Ted Williams there are several large size >12? potholes and one very large pothole >20?.,SS-035624-PV1,SA-002895-PV1
2837990,,40300225149,2020-01-01T12:02:00,113,Traffic Sign - Maintain,TSW,2020-04-23T00:00:00,Closed,32.75206672,-117.0667944,,,4,57,Mid-City:Eastern Area,,Web,,Small reflector panels/posts knocked over/missing from both raised median noses; University Ave. and 60th St.,SS-001409,SS-001409
2837991,,,2020-01-01T12:03:00,1,Sidewalk Repair Issue,TSW,2020-01-02T00:00:00,Referred,32.90242004,-117.2253647,,,1,40,Torrey Pines,,Mobile,This report has been referred to appropriate department or agency at street_service@sandiego.gov,The trail users counter has not worked since Thanksgiving week.,SS-023612-SE2,SS-023612
2837992,,,2020-01-01T12:04:00,1,Graffiti Removal,TSW,2020-01-02T00:00:00,Referred,32.84170627,-117.1836728,,,6,6,Clairemont Mesa,,Mobile,This report has been referred to Park and Recreation at askparks@sandiego.gov,On sign Marion bear,,
2837993,,,2020-01-01T12:05:00,1,Graffiti Removal - Code Enforcement,TSW,2020-01-02T00:00:00,Referred,32.7113579,-117.1454485,,,8,37,Southeastern San Diego,,Mobile,This report has been referred to Graffiti ? ATT Telephone Booths / Cable Box at graffiti@att.com,,SS-017586,SS-017586
2837994,,,2020-01-01T12:07:00,1,Graffiti Removal - Code Enforcement,TSW,2020-01-02T00:00:00,Referred,32.71144389,-117.1451541,,,8,37,Southeastern San Diego,,Mobile,This report has been referred to Graffiti ? ATT Telephone Booths / Cable Box at graffiti@att.com,,SS-017586,SS-017586
2837995,,40300225179,2020-01-01T12:09:00,96,Traffic Sign - Maintain,TSW,2020-04-06T00:00:00,Closed,32.84524017,-117.2786106,,,1,10,La Jolla,,Mobile,,Bracket for missing sign a safety hazard,SS-007451,SS-007451
2837996,,,2020-01-01T12:14:00,6,Missed Collection,ESD Complaint/Report,2020-01-07T00:00:00,Closed,32.760307,-117.0725586,"4567 58th St, San Diego, CA 92115, USA",,9,38,College Area,,Web,,No trash was picked up for the whole week from 12/22/2019-12/28/19.  The entire block was skipped.,,
2837998,2833808,,2020-01-01T12:16:00,9,72 Hour Violation,Parking,2020-01-10T00:00:00,Closed,32.77994,-117.17231,"1912 Burton St, San Diego, CA 92111, USA",92111,7,12,Linda Vista,,Web,,"Filed initial report in 12/27/19 after a full week of this vehicle not moving. It?s been almost another full week, so definitely more than 72 hours, and this vehicle still has not moved. Original report number 02833808.",SS-005175,SS-005175
2837999,,,2020-01-01T12:18:00,33,Graffiti Removal - Code Enforcement,TSW,2020-02-03T00:00:00,Closed,32.74622833,-117.20037,,,2,14,Midway-Pacific Highway,,Mobile,,,SS-018266,SS-018266
2838000,,,2020-01-01T12:19:00,36,72 Hour Violation,Parking,2020-02-06T00:00:00,Closed,32.82080486,-117.1705387,6699 Beadnell Way,92117,6,6,Clairemont Mesa,,Mobile,,After 72 hour violation truck and trailer hasn't moved pls take action ASAP!!!!,SS-003781,SS-003781
2838001,,,2020-01-01T12:20:00,29,72 Hour Violation,Parking,2020-01-30T00:00:00,Closed,32.83315847,-117.1728523,5539 Clairemont Mesa Blvd,92117,6,6,Clairemont Mesa,,Mobile,,,SS-015169,SS-015169
2838002,,,2020-01-01T12:23:00,14,72 Hour Violation,Parking,2020-01-15T00:00:00,Closed,32.90837,-117.15903,"10535 Giffin Way, San Diego, CA 92126, USA",92126,6,15,Mira Mesa,,Web,,The car has been parked on the street in front of my house for more than a week.  I have not seen it in the neighborhood before.,SS-012108,SS-012108
2838003,,,2020-01-01T12:24:00,5,72 Hour Violation,Parking,2020-01-06T00:00:00,Closed,32.82037,-117.19822,"4813 Morena Blvd, San Diego, CA 92117, USA",92117,6,6,Clairemont Mesa,TECOLOTE CANYON NATURAL OS PARK,Web,,Older RV/motorhome parked in same spot for several weeks.  Hasn't moved during that time.  Do not know if someone is sleeping there overnight.  Motor-home model = Conquest.,SS-019006,SS-019006
2838004,,,2020-01-01T12:25:00,6,Graffiti Removal,TSW,2020-01-07T00:00:00,Closed,32.66638595,-117.0527767,,,4,44,Skyline-Paradise Hills,,Mobile,,,SS-021309,SS-021309
2838006,,,2020-01-01T12:29:00,16,Graffiti Removal,TSW,2020-01-17T00:00:00,Closed,32.67830151,-117.0568216,,,4,44,Skyline-Paradise Hills,,Mobile,,,SS-005606,SS-005606
2838007,,,2020-01-01T12:32:00,89,Dead Animal,ESD Complaint/Report,2020-03-30T00:00:00,Closed,32.93904278,-117.2100513,"4890 Del Mar Mesa Rd, San Diego, CA 92130, USA",,1,51,Del Mar Mesa,,Web,,Rabbit on side of road heading toward Carmel Country.,,
2838008,,,2020-01-01T12:32:00,15,72 Hour Violation,Parking,2020-01-16T00:00:00,Closed,32.74137615,-117.1781367,1628 Walnut Ave,92103,3,42,Uptown,,Mobile,,Car has been parked here almost a month,SS-030074,SS-030074
2838009,,,2020-01-01T12:34:00,5,Illegal Dumping,ESD Complaint/Report,2020-01-06T00:00:00,Closed,32.7478989,-117.2406455,"4649 Voltaire St, San Diego, Ca 92107, Usa",,2,23,Ocean Beach,,Mobile,,Busy alley with dumped sofa that homeless sleep on,,
2838010,2835481,,2020-01-01T12:42:00,6,Illegal Dumping,ESD Complaint/Report,2020-01-07T00:00:00,Closed,32.74004274,-117.1298284,"3341 Dale St, San Diego, Ca 92104, Usa",,3,28,North Park,,Mobile,,Sofa has been illegally dumped and been there for about 1 month. Disgusting and this alley is always full of illegally dumped items. Suggest talking to owners of houses to ask about it. They should be fined. Please use the tax payer's money to pick up the trash in this city. It is filthy.,,
2838011,,40300225230,2020-01-01T12:49:00,5,Traffic Sign - Maintain,TSW,2020-01-06T00:00:00,Closed,32.78821523,-117.2392115,,,2,27,Pacific Beach,,Mobile,,No stop sign northbound Haines and La Playa. No stop signs either direction on La Playa. Very dangerous!!,SS-012900,SS-012900
2838012,,,2020-01-01T12:51:00,1,Graffiti Removal - Code Enforcement,TSW,2020-01-02T00:00:00,Referred,32.71165052,-117.1462862,,,8,37,Southeastern San Diego,,Mobile,This report has been referred to Graffiti ? ATT Telephone Booths / Cable Box at graffiti@att.com,,SS-017585,SS-017585
2838013,,,2020-01-01T12:52:00,7,Encampment,Neighborhood Policing,2020-01-08T00:00:00,Closed,32.73733707,-117.1102764,3043 39th St,92105,9,56,Mid-City:City Heights,MCCAIN MP,Mobile,,"Tent set up by the handicapped parking spot by the City Heights mini park. Not sure how many people, but there is a stroller there as well.",,
2838014,,,2020-01-01T12:52:00,1,Graffiti Removal,TSW,2020-01-02T00:00:00,Referred,32.71165122,-117.1462742,,,8,37,Southeastern San Diego,,Mobile,This report has been referred to Graffiti ? ATT Telephone Booths / Cable Box at graffiti@att.com,,SS-017585,SS-017585
2838015,,,2020-01-01T12:53:00,1,Graffiti Removal - Code Enforcement,TSW,2020-01-02T00:00:00,Referred,32.71146368,-117.1463144,,,8,37,Southeastern San Diego,,Mobile,This report has been referred to Graffiti ? ATT Telephone Booths / Cable Box at graffiti@att.com,,SS-017585,SS-017585
2838016,,,2020-01-01T12:54:00,1,Graffiti Removal - Code Enforcement,TSW,2020-01-02T00:00:00,Referred,32.71117703,-117.1459136,,,8,37,Southeastern San Diego,,Mobile,This report has been referred to Graffiti ? ATT Telephone Booths / Cable Box at graffiti@att.com,,SS-000459,SS-000459
2838017,,,2020-01-01T12:55:00,1,Graffiti Removal - Code Enforcement,TSW,2020-01-02T00:00:00,Referred,32.71072773,-117.145988,,,8,37,Southeastern San Diego,,Mobile,This report has been referred to Graffiti ? ATT Telephone Booths / Cable Box at graffiti@att.com,,SS-000459,SS-000459
2838018,,,2020-01-01T12:59:00,13,Waste on Private Property,ESD Complaint/Report,2020-01-14T00:00:00,Closed,32.759372,-117.188493,"Hotel Circle S & I 8 West (Ramp), San Diego, Ca 92108, Usa",92108,7,19,Mission Valley,,Mobile,This report has been referred to appropriate department or agency at trash@sandiego.gov,Carts and trash along corridor and at car pool park please help clean up carts left from transients,SS-026219,SS-026219
2838019,,,2020-01-01T13:00:00,1,Graffiti Removal - Code Enforcement,TSW,2020-01-02T00:00:00,Referred,32.71188328,-117.1449946,,,8,37,Southeastern San Diego,,Mobile,This report has been referred to Graffiti ? ATT Telephone Booths / Cable Box at graffiti@att.com,,SS-000470,SS-000470
2838020,,,2020-01-01T13:03:00,1,Graffiti Removal - Code Enforcement,TSW,2020-01-02T00:00:00,Referred,32.71249288,-117.1450041,,,8,37,Southeastern San Diego,,Mobile,This report has been referred to Graffiti ? ATT Telephone Booths / Cable Box at graffiti@att.com,,SS-011690,SS-011690
2838021,,40300225220,2020-01-01T13:05:00,1,Traffic Signal Timing Issue,TSW,2020-01-02T00:00:00,Closed,32.75128338,-117.2047429,,,2,14,Midway-Pacific Highway,,Phone,,"Left turn signal from Rosecrans to Sports Arena is not cycling,. Per harbor pd.",SG-201419,SX-010323-001
2838022,,,2020-01-01T13:06:00,0,OTHER,TSW,2020-01-01T00:00:00,Closed,32.78810285,-117.2363912,,,2,27,Pacific Beach,,Mobile,,"Not sure if this is water or natural gas, but it looks like it was hit and damaged. I don't see any leak nor do I smell one. But someone should come check it out.",SS-029166,SS-029166
2838023,,,2020-01-01T13:08:00,1,Encampment,Neighborhood Policing,2020-01-02T00:00:00,Closed,32.71066722,-117.1609946,517 Fourth Ave,92101,3,4,Downtown,,Mobile,,"Abandoned property from individuals camping on 4 th and Island near 517 4 th Ave, need pickup from environmental services",SS-000140,SS-000140
2838024,,,2020-01-01T13:08:00,13,Waste on Private Property,ESD Complaint/Report,2020-01-14T00:00:00,Closed,32.5480752,-117.0451775,"338 1/2 Sycamore Rd, San Ysidro, CA 92173",92173,8,33,San Ysidro,,Mobile,,Christmas tree dump out apartment complex near entrance to park parking lot.,,
2838025,,,2020-01-01T13:09:00,1,Encampment,Neighborhood Policing,2020-01-02T00:00:00,Closed,32.75272837,-117.2168244,3619 Midway Dr,92110,2,14,Midway-Pacific Highway,,Mobile,,,SS-018257,SS-018257
2838026,,,2020-01-01T13:10:00,2,Shared Mobility Device,ESD Complaint/Report,2020-01-03T00:00:00,Referred,32.7718668,-117.2527887,"3450 Strandway, San Diego, Ca 92109, Usa",,2,18,Mission Beach,MISSION BEACH PARK,Mobile,This report has been referred to SMD at sd@sweepcrew.com,13 lime scooters illegally staged on boardwalk.  They have been here all week even though reported numerous times.,,
2838027,,40300225158,2020-01-01T13:16:00,7,Sidewalk Repair Issue,TSW,2020-01-08T00:00:00,Closed,32.79176177,-117.2334663,,,2,27,Pacific Beach,,Phone,,LIFTED SIDEWALK     HARRY  858-735-9696,SS-024787-SO1,SS-024787
2838028,,,2020-01-01T13:18:00,29,72 Hour Violation,Parking,2020-01-30T00:00:00,Closed,32.76933,-117.08638,"5005 Collwood Way, San Diego, CA 92115, USA",92115,9,38,College Area,,Web,,Vehicle has been parked for almost a month now. Tags/registration is expired. People leave abandon so many cars in this culdesac because they know they can get away with it. Please cite and then tow this car.,SS-007655,SS-007655
2838029,,40300225221,2020-01-01T13:19:00,114,Street Light Out,TSW,2020-04-24T00:00:00,Closed,32.765861,-117.0989768,,,9,58,Mid-City:Kensington-Talmadge,,Mobile,,Street Light at corner of Alder and West Alder,PL-312053,SS-009724-001
2838031,,40300225213,2020-01-01T13:20:00,1,Tree/Limb Fallen/Hanging,TSW,2020-01-02T00:00:00,Closed,32.79171308,-117.2334803,,,2,27,Pacific Beach,,Phone,,"REQ TRIM,  LARGE LIMB STARTING TO LEAN  TOWARDS PROP    HARRY  858-735-9696",TR-RW-0093979,SS-024787
2838033,,,2020-01-01T13:24:00,1,Encampment,Neighborhood Policing,2020-01-02T00:00:00,Closed,32.7399777,-117.1414236,"2221 Morley Field Dr, San Diego, Ca 92104, Usa",92101,3,1,Balboa Park,BALBOA PARK,Mobile,,"This guy lives permanently on this bench by the tennis courts.  I see him every Friday, Saturday, and Sunday.  Hes always passed out.",,
2838034,,40300225187,2020-01-01T13:25:00,8,Pothole,TSW,2020-01-09T00:00:00,Closed,32.8276642,-117.2084985,,,2,6,Clairemont Mesa,,Mobile,,Pothole,SS-002693-PV1,SS-007312-PV1
2838035,,,2020-01-01T13:26:00,13,72 Hour Violation,Parking,2020-01-14T00:00:00,Closed,32.7122632,-117.1450622,644 21st St,92102,8,37,Southeastern San Diego,,Mobile,,,SS-000470,SS-000470
2838036,2835945,,2020-01-01T13:26:00,7,Pothole,TSW,2020-01-08T00:00:00,Closed,32.8277626,-117.2079378,,,6,6,Clairemont Mesa,,Mobile,,Pothole. 2,SS-007312-PV1,SS-007312-PV1
2838037,,,2020-01-01T13:28:00,5,Illegal Dumping,ESD Complaint/Report,2020-01-06T00:00:00,Closed,32.91854858,-117.1271591,"9153 Dewsbury Ave, San Diego, CA 92126",92126,6,15,Mira Mesa,,Mobile,,,,
2838038,,,2020-01-01T13:28:00,1,Parking Zone Violation,Parking,2020-01-02T00:00:00,Closed,32.80106835,-117.2328276,2020 Hornblend St,92109,2,27,Pacific Beach,,Mobile,,"Truck parked in alley, blocking access to parking on opposite side of driveway.",,
2838039,,,2020-01-01T13:30:00,1,OTHER,TSW,2020-01-02T00:00:00,Referred,32.90161133,-117.2251816,,,1,40,Torrey Pines,,Mobile,This report has been referred to appropriate department or agency at street_service@sandiego.gov,"The counter for the bike path from Sorrento valley to UCSD is broken and has been for months. Please fix, and make sure you don't make policy decisions based on this faulty metric.",SS-023612,SS-023612
2838042,2822132,,2020-01-01T13:34:00,5,Pothole,TSW,2020-01-06T00:00:00,Closed,32.9126586,-117.143568,,,6,15,Mira Mesa,,Mobile,,Potholes,SS-018371-PV1,SS-018371-PV1
2838043,,40300225189,2020-01-01T13:36:00,5,Pothole,TSW,2020-01-06T00:00:00,Closed,32.7505971,-117.128334,,,3,28,North Park,,Mobile,,Ally way damaged.,SS-033908-PV1,SA-001159-PV1
2838045,,,2020-01-01T13:39:00,9,72 Hour Violation,Parking,2020-01-10T00:00:00,Closed,32.74307251,-117.1069294,3545 41st St,92105,9,56,Mid-City:City Heights,,Mobile,,,SS-001001,SS-001001
2838047,,,2020-01-01T13:41:00,15,72 Hour Violation,Parking,2020-01-16T00:00:00,Closed,32.74546553,-117.2415504,2071 Froude St,92107,2,30,Peninsula,,Mobile,,,SS-011617,SS-011617
2838048,,,2020-01-01T13:44:00,1,Graffiti Removal,TSW,2020-01-02T00:00:00,Closed,32.75117465,-117.2357897,,,2,30,Peninsula,,Mobile,,Graffiti,SS-010530,SS-010530
2838049,,,2020-01-01T13:46:00,2,Illegal Dumping,TSW,2020-01-03T00:00:00,Referred,32.7095227,-117.1648282,,,3,4,Downtown,,Mobile,This report has been referred to Port of San Diego at customerservicecenter@portofsandiego.org,Abandoned homeless encampment on the bicycle path of the Martin Luther King parkway at Front Street,,
2838050,2822324,,2020-01-01T13:47:00,1,Container Left Out,ESD Complaint/Report,2020-01-02T00:00:00,Closed,32.7250276,-117.2555992,945 Cordova St,,2,30,Peninsula,,Mobile,,I have written 2 notes to property owner and the continue to leave containers out well past the day of pickup.,,
2838051,,,2020-01-01T13:48:00,14,Encampment,Neighborhood Policing,2020-01-15T00:00:00,Closed,32.7098015,-117.16527,"400 Front St, San Diego, Ca 92101, Usa",,3,4,Downtown,,Mobile,,Abandoned homeless camp on the Martin Luther King Parkway bicycle path between front and Union,,
2838053,,40300225201,2020-01-01T13:50:00,8,Pothole,TSW,2020-01-09T00:00:00,Closed,32.82182971,-117.1487933,,,6,50,Kearny Mesa,,Mobile,,Pot hole in center lane on the north east side next to chevron,SS-003416-PV1,SS-003416-PV1
2838054,,,2020-01-01T13:53:00,127,Graffiti Removal,TSW,2020-05-07T00:00:00,Closed,32.71240161,-117.1490524,,,3,4,Downtown,,Mobile,,,SS-011685,SS-011685
2838055,,,2020-01-01T13:53:00,16,Graffiti Removal,TSW,2020-01-17T00:00:00,Closed,32.73560529,-117.1639462,,,3,42,Uptown,,Mobile,,Graffiti,SS-000015,SS-000015
2838056,,40300225214,2020-01-01T13:54:00,6,Pavement Repair Issue,TSW,2020-01-07T00:00:00,Closed,32.84335017,-117.2785893,,,1,10,La Jolla,,Phone,,"Asphalt by the curb is  lifted constituent fell  , were the asphalt connects to curb. seam.  Laurel Mcintrye 619-672-0753",SS-008503-PV1,SS-008503-PV1
2838057,,,2020-01-01T13:54:00,8,Encampment,Neighborhood Policing,2020-01-09T00:00:00,Closed,32.76350583,-117.1188473,3452 Adams Ave,92116,3,59,Mid-City:Normal Heights,,Mobile,,,SS-001716,SS-001716
2838058,,40300225222,2020-01-01T13:55:00,114,Paint Striping - Maintain,TSW,2020-04-24T00:00:00,Closed,32.7944202,-117.1250479,,,7,35,Serra Mesa,,Web,,Shawn Avenue (cross street Melbourne) was repaved recently. They paved over the school zone crosswalk and it has not been repainted yet.,SS-018010,SS-018010
2838059,,,2020-01-01T13:55:00,103,72 Hour Violation,Parking,2020-04-14T00:00:00,Closed,32.75935,-117.15011,"4514 Cleveland Ave, San Diego, CA 92116, USA",92116,3,42,Uptown,,Web,,"Parked in same spot for more than 72 hours, dirty cob webs.",SS-017710,SS-017710
2838060,,,2020-01-01T13:56:00,9,Graffiti Removal,TSW,2020-01-10T00:00:00,Referred,32.58405,-117.0950917,,,8,25,Otay Mesa-Nestor,,Mobile,This report has been referred to appropriate department or agency at TSolis@sandiego.gov,,SS-000439,SS-000439
2838062,2838060,,2020-01-01T13:57:00,9,Graffiti Removal,TSW,2020-01-10T00:00:00,Referred,32.58403833,-117.0952445,,,8,25,Otay Mesa-Nestor,,Mobile,This report has been referred to appropriate department or agency at TSolis@sandiego.gov,City owned property,,
2838063,,,2020-01-01T14:03:00,8,72 Hour Violation,Parking,2020-01-09T00:00:00,Closed,32.80422,-117.0257,"7849 Tommy Dr, San Diego, CA 92119, USA",92119,7,20,Navajo,,Web,,This motorcycle has not been moved in more than two weeks. It?s parked on the road very far away from the curb in front of the East San Diego Masonic Lodge. Just concerned it might be stolen. Thanks.,,
2838064,,,2020-01-01T14:03:00,5,Illegal Dumping,ESD Complaint/Report,2020-01-06T00:00:00,Closed,32.82766724,-117.2782624,"309 Kolmar St, La Jolla, CA 92037",92037,1,10,La Jolla,,Mobile,,Front bumper of automobile abandoned in alley.,,
2838065,,,2020-01-01T14:03:00,1,Graffiti Removal,TSW,2020-01-02T00:00:00,Closed,32.81069528,-117.211504,,,2,6,Clairemont Mesa,,Mobile,,On Moraga 100' North of Cadden Dr on the west side of roadway.,SS-018990,SS-018990
2838066,,,2020-01-01T14:04:00,5,Encampment,Neighborhood Policing,2020-01-06T00:00:00,Closed,32.712413,-117.1624206,"255 G St, San Diego, CA 92101, USA",92101,3,4,Downtown,,Web,,First of all G St from 1st Ave to 6th Ave has become a disgrace for those that live downtown. Ã‚Â Not only do the Homeless as individuals or more leave Litter Ã‚Â & Ã‚Â Trash Ã‚Â also uncleanliness Ã‚Â & illegal 'smoking' goes on frequentlyÃ‚Â  Ã‚Â  Ã‚Â  Ã‚Â  Ã‚Â  Ã‚Â  Ã‚Â  Ã‚Â  Ã‚Â  Ã‚Â  Ã‚Â  Ã‚Â  Ã‚Â  Ã‚Â  Ã‚Â  Ã‚Â  Ã‚Â  Ã‚Â  Ã‚Â  Ã‚Â  Ã‚Â  Ã‚Â  Ã‚Â  Ã‚Â  Ã‚Â  Ã‚Â  Ã‚Â  Ã‚Â a larger group have basically taken over G St at 2nd AveÃ‚Â Ã‚Â it's so bad & so Sad.. Ã‚Â the encampment for this report is on Horton Plaza side across from Ralph's at 2nd & G St for weeks this areas SIDEWALK has been taken over by MANY homeless where pedestrians have to either go in the street or go thru shrubs/dirt to Horton's parking lot to get around.Ã‚Â Ã‚Â Have asked previously for some kind of resolution but as of yesterday 12/31/19 nothing has been done (or at least noticeably)Thanks (glad there is now a 'separate' tab for encampments ),SS-011671,SS-011671
2838067,,,2020-01-01T14:05:00,89,Dead Animal,ESD Complaint/Report,2020-03-30T00:00:00,Closed,32.79291697,-117.0892465,4812?4828 Zion Ave,,7,20,Navajo,,Mobile,,,,
2838069,,,2020-01-01T14:09:00,34,72 Hour Violation,Parking,2020-02-04T00:00:00,Closed,32.81576,-117.2171,"4060 Huerfano Ave, San Diego, Ca 92117, Usa",92117,2,6,Clairemont Mesa,,Mobile,,1/1/20. Parked for over 3 weeks again...lived in?,,
2838070,,40300225223,2020-01-01T14:09:00,138,Traffic Sign - Maintain,TSW,2020-05-18T00:00:00,Closed,32.74185008,-117.2237151,,,2,30,Peninsula,,Phone,,25 mph curve sign damaged.,SS-007014,SS-007014
2838071,,,2020-01-01T14:11:00,1,Encampment,Neighborhood Policing,2020-01-02T00:00:00,Closed,32.70933173,-117.1636342,"301 1st Ave, San Diego, CA 92101, USA",92101,3,4,Downtown,,Web,,1st Ave across from  Reflection Pool & Childrens (?) Park,SS-014399,SS-014399
2838072,,,2020-01-01T14:12:00,13,72 Hour Violation,Parking,2020-01-14T00:00:00,Closed,32.73164,-117.08178,"5336 Oak Park Dr, San Diego, CA 92105, USA",92105,4,57,Mid-City:Eastern Area,,Web,,"Van has been left in front of our property for over 2 months going on 3. It was abandoned and left behind by the next door neighbors that moved out months ago. Van is left unlocked, mirrors and doors left open.",SS-020224,SS-020224
2838073,,,2020-01-01T14:12:00,1,Parking Zone Violation,Parking,2020-01-02T00:00:00,Closed,32.73892,-117.24884,"4661 Coronado Ave, San Diego, Ca 92107, Usa",92107,2,23,Ocean Beach,,Mobile,,Blocked driveway,SS-008014,SS-008014
2838074,,40300225215,2020-01-01T14:13:00,12,Pothole,TSW,2020-01-13T00:00:00,Closed,32.75349339,-117.2390718,,,2,17,Mission Bay Park,,Mobile,,Pothole right lane southbound near shoulder line,SS-025880-PV1,SS-025880-PV1
2838075,,,2020-01-01T14:14:00,2,72 Hour Violation,Parking,2020-01-03T00:00:00,Closed,32.71991,-117.11193,"1424 38th St, San Diego, CA 92105, USA",92105,9,56,Mid-City:City Heights,,Web,,"Please get this monstrosity moved! Littering the area as well...It's been parked in front of our apartment buildings far too long---over two weeks! Repeat offender, persistent problem! MOTROHOME IS OCCUPIED!",SS-000932,SS-000932
2838076,,40300225224,2020-01-01T14:15:00,21,Pothole,TSW,2020-01-22T00:00:00,Closed,32.8069346,-117.171921,,,6,6,Clairemont Mesa,,Mobile,,Pothole,SS-017655-PV1,SS-017655-PV1
2838078,,40300225202,2020-01-01T14:15:00,6,Pothole,TSW,2020-01-07T00:00:00,Closed,32.7272029,-117.166854,,,3,42,Uptown,,Mobile,,Just at entrance ramp to I-5 north. Tight side of hawthorn. Left side of entrance ramp,SS-029846-PV1,SS-029846-PV1
2838079,2838076,,2020-01-01T14:16:00,21,Pothole,TSW,2020-01-22T00:00:00,Closed,32.80686017,-117.1720863,,,6,6,Clairemont Mesa,,Mobile,,Small pothole near larger pothole,SS-017655-PV1,SS-017655-PV1
2838080,,,2020-01-01T14:17:00,15,72 Hour Violation,Parking,2020-01-16T00:00:00,Closed,32.73901,-117.24864,"4658 Coronado Ave, San Diego, Ca 92107, Usa",92107,2,23,Ocean Beach,,Mobile,,Blocked driveway,SS-008014,SS-008014
2838081,,,2020-01-01T14:18:00,8,Shared Mobility Device,ESD Complaint/Report,2020-01-09T00:00:00,Closed,32.710455,-117.1581722,712?798 Island Ave,,3,4,Downtown,,Mobile,,Scooters blocking sidewalk! Tripping hazard! Not coral!,,
2838082,,,2020-01-01T14:19:00,8,Shared Mobility Device,ESD Complaint/Report,2020-01-09T00:00:00,Closed,32.71051333,-117.1582417,501 Seventh Ave,,3,4,Downtown,,Mobile,,Scooters blocking sidewalk! Tripping hazard! Not coral!,,
2838083,,,2020-01-01T14:24:00,0,Other,TSW,2020-01-01T00:00:00,Closed,32.7332981,-117.1032862,,,9,56,Mid-City:City Heights,,Mobile,,"The city installed new sewage clean out about 4 months ago. The soil now collapsed exactly where it was installed. The city never packed the soil properly. I hope our lateral pipe was not damaged by the city's negligence. The city already came out on 15th and 16th of December, 2019. Both city workers promised that it will be fixed, but still no progress. Please repair ASAP. It's getting worse every time it rains.",SS-025142,SS-025142
2838084,,40300225188,2020-01-01T14:24:00,1,Pothole,TSW,2020-01-02T00:00:00,Closed,32.81449243,-117.1161493,,,6,50,Kearny Mesa,,Mobile,,"Several deep potholes in driver lanes, both directions, from 3700-4000 Murphy Canyon Rd.",SS-031978-PV1,SS-031978-PV1
2838085,,,2020-01-01T14:24:00,0,Other,TSW,2020-01-01T00:00:00,Referred,32.9733361,-117.1389941,,,5,29,Rancho Penasquitos,ADOBE BLUFFS NP,Mobile,This report has been referred to PW Facilities Maintenance at facilitiesmaint@sandiego.gov,Damaged water fountain,SS-011757,SS-011757
2838086,,,2020-01-01T14:25:00,0,Other,TSW,2020-01-01T00:00:00,Referred,32.76522801,-117.1345434,,,3,28,North Park,,Mobile,This report has been referred to SDG&E at info@sdge.com,Old telecom wires,,
2838088,,40300225195,2020-01-01T14:26:00,29,Traffic Signal Timing Issue,TSW,2020-01-30T00:00:00,Closed,32.75543814,-117.2010993,,,3,24,Old Town San Diego,,Phone,,"LEFT TURN, CONTRADICTING MAY CAUSE ACCIDENT",SG-201363,SX-009852-001
2838089,,,2020-01-01T14:27:00,14,Waste on Private Property,ESD Complaint/Report,2020-01-15T00:00:00,Closed,32.70380645,-117.1407923,"1952 Irving Ave, San Diego, CA 92113",92113,8,37,Southeastern San Diego,,Web,,I live at 1940 irving ave and my neighbor has two palm trees that need to be trimmed very badly. The dried palms fall into my yard and when the dried palms fall into there yard they pick them up and put the on my wall in the alley instead of throwing them away properly.,,
2838090,2838098,,2020-01-01T14:27:00,7,Container Left Out,ESD Complaint/Report,2020-01-08T00:00:00,Closed,32.72528,-117.2546617,4461 Hill St,,2,30,Peninsula,,Mobile,,Greens trash left out for more than a week impeding traffic. Black trash not brought in,,
2838092,,,2020-01-01T14:30:00,1,Parking Zone Violation,Parking,2020-01-02T00:00:00,Closed,32.73737167,-117.1315695,3044 29th St,92104,3,28,North Park,,Mobile,,"Parks on sidewalk. This car broke part of the sidewalk, see photo",SS-022936,SS-022936
2838093,2836801,,2020-01-01T14:32:00,34,Pothole,TSW,2020-02-04T00:00:00,Closed,32.94873567,-117.2531314,,,1,40,Torrey Pines,,Mobile,,Large pothole east bound lane Del Mar Heights Road at a Durango Drive. Dangerous for Motorcycles,SS-009565-PV1,SS-009565-PV1
2838094,,,2020-01-01T14:32:00,7,Container Left Out,ESD Complaint/Report,2020-01-08T00:00:00,Closed,32.72495,-117.25428,4446 Marseilles St,,2,30,Peninsula,,Mobile,,Trash left in alley. Blue trash left out despite being black trash pick up only day.,,
2838095,2833355,,2020-01-01T14:32:00,8,Pothole,TSW,2020-01-09T00:00:00,Closed,32.82023507,-117.1781477,,,6,6,Clairemont Mesa,,Web,,Very large pothole in the middle east bound lane of Balboa. Those Turning onto Balboa from the parking lot of Chase into that middle lane will definitely hit it. Large enough for a Mazada Miata wheel to be severely damaged,SS-003400-PV1,SS-003400-PV1
2838096,,,2020-01-01T14:32:00,1,Parking Zone Violation,Parking,2020-01-02T00:00:00,Closed,32.756073,-117.1142253,4335 Cherokee Ave,92104,3,59,Mid-City:Normal Heights,,Mobile,,Has Mexican flag on the window and lots of stickers,,
2838097,,40300225204,2020-01-01T14:34:00,8,Palm Frond Cleanup,TSW,2020-01-09T00:00:00,Closed,32.741438,-117.249146,,,2,23,Ocean Beach,,Web,,Palm fronds collected and piled on sidewalk. Have not been picked up for several weeks.,TR-RW-0168556,SS-009000
2838098,,,2020-01-01T14:37:00,7,Container Left Out,ESD Complaint/Report,2020-01-08T00:00:00,Closed,32.72521167,-117.2549133,"4469 Hill St, San Diego, CA 92107",92107,2,30,Peninsula,,Mobile,,Green and black trash left in alley,,
2838099,2830784,,2020-01-01T14:37:00,169,Dead Animal,ESD Complaint/Report,2020-06-19T00:00:00,Closed,32.92109987,-117.1438352,"11010 Virgo Pl, San Diego, CA 92126, USA",,6,15,Mira Mesa,,Web,,Dead skunk has been on side of street (Camino Ruiz) for almost a week.,,
2838101,,,2020-01-01T14:39:00,22,72 Hour Violation,Parking,2020-01-23T00:00:00,Closed,32.91254,-117.13947,"11100 CRATER PL, San Diego, CA 92126, USA",92126,6,15,Mira Mesa,,Web,,Parked over a week now,SS-008197,SS-008197
2838102,,,2020-01-01T14:41:00,31,Container Left Out,ESD Complaint/Report,2020-02-01T00:00:00,Closed,32.77044183,-117.079899,5095 Faber Way,,9,38,College Area,,Mobile,,Student minidorm rental has left all containers outside on the curb all week long. Enforcement???,,